Workbook

Sheet ASTM D638-Probetas
A1: ASTM D638
A2: Probetas | B2: Type I | C2: Type II | D2: Type III | E2: Type IV | F2: Type V | H2: Thickness | I2: 3.2
A3: Width | B3: 13 | C3: 6 | D3: 19 | E3: 6 | F3: 3.18
A4: Length | B4: 57 | C4: 57 | D4: 57 | E4: 33 | F4: 9.53
A5: Thickness | B5: 4 | C5: 4 | D5: 7 | E5: =$H$26 -> 3.2 | F5: =$H$26 -> 3.2
A6: Seccion | B6: =B3*B5 -> 52 | C6: =C3*C5 -> 24 | D6: =D3*D5 -> 133 | E6: =E3*E5 -> 19.2 | F6: =F3*F5 -> 10.176
G26: Thickness | H26: 3.2

Sheet Plásticos
A2: NORMAS | H2: 1 [MPA] = 0.1019716212978 [kg/mm2] = 1[N/mm2] | S2: [mm] extras al | T2: MP
A3: ISO 527 | B3: Valores mecánicos de diferentes plásticos | H3: 1 | Q3: =12*9 -> 108 | S3: gauge para toma | T3: =T7*T7*3/4/1000000 -> 62.819328
A4: ASTM D638 | B4: Se tomarán de cada datasheets los valores máximos | G4: =9*1.33333 -> 11.99997 | K4: Tiempo de ensayo [min] | Q4: (1% of strain) Class C | S4: 10 | T4: =108/4/3 -> 9
A5: ASTM D882 | F5: Deformacion a la rotura | K5: Probeta tipo V | N5: Probeta tipo I,II,II,IV | Q5: extensometer | R5: Long. final | S5: Plano vertical | T5: Tamaño del | U5: Cumple el | V5: Cant. de
C6: Tensión | G6: Fuerza de Traccion [kg] | J6: [mm] traccionado en Tipo I | K6: Tiempo a 1[mm/min] | L6: Tiempo a 10[mm/min] | M6: Tiempo a 100[mm/min] | N6: Tiempo a 5mm/min | O6: Tiempo a 50[mm/min] | P6: Tiempo a 500[mm/min] | Q6: Def. Máx de Máq. | R6: Gauge | S6: toma cámara | T6: pxel [mm] | U6: extens. | V6: pixels en
A7: Marca | B7: Material | C7: [MPA] | D7: Probeta | E7: E [MPA] | F7: e [%] | G7: Tipo I | H7: Tipo II | I7: Tipo III | Q7: 1% e [mm] | T7: 9152 | U7: Clase C? | V7: ese 1%
A8: Grilon 3 | B8: PLA (ingeo) | C8: 60 | E8: 524 | F8: 6 | G8: =$C8*$H$3*'ASTM D638-Probetas'!B$6 -> 3120 | H8: =$C8*$H$3*'ASTM D638-Probetas'!C$6 -> 1440 | I8: =$C8*$H$3*'ASTM D638-Probetas'!D$6 -> 7980 | J8: =F8/100*50 -> 3 | K8: =J8/1/50*7.62 -> 0.4572 | L8: =J8/10/50*7.62 -> 0.04572 | M8: =J8/100/50*7.62 -> 0.004572 | N8: =J8/5 -> 0.6 | O8: =J8/50 -> 0.06 | P8: =J8/500 -> 0.006 | Q8: =F8*50/100/100 -> 0.03 | R8: =50+J8 -> 53 | S8: =R8+$S$4 -> 63 | T8: =S8/$T$7 -> 0.0068837413 | U8: =IF(T8<Q8,"SI",IF(Q8=0,"SI",IF(T8>Q8,"NO"))) -> SI | V8: =Q8/T8 -> 4.3580952
B9: PLA 850 (ingeo) | C9: 51 | F9: 3.3 | G9: =$C9*$H$3*'ASTM D638-Probetas'!B$6 -> 2652 | H9: =$C9*$H$3*'ASTM D638-Probetas'!C$6 -> 1224 | I9: =$C9*$H$3*'ASTM D638-Probetas'!D$6 -> 6783 | J9: =F9/100*50 -> 1.65 | K9: =J9/1/50*7.62 -> 0.25146 | L9: =J9/10/50*7.62 -> 0.025146 | M9: =J9/100/50*7.62 -> 0.0025146 | N9: =J9/5 -> 0.33 | O9: =J9/50 -> 0.033 | P9: =J9/500 -> 0.0033 | Q9: =F9*50/100/100 -> 0.0165 | R9: =50+J9 -> 51.65 | S9: =R9+$S$4 -> 61.65 | T9: =S9/$T$7 -> 0.0067362325 | U9: =IF(T9<Q9,"SI",IF(Q9=0,"SI",IF(T9>Q9,"NO"))) -> SI | V9: =Q9/T9 -> 2.4494404
B10: PLA 870 (ingeo) | C10: 40 | E10: 416 | G10: =$C10*$H$3*'ASTM D638-Probetas'!B$6 -> 2080 | H10: =$C10*$H$3*'ASTM D638-Probetas'!C$6 -> 960 | I10: =$C10*$H$3*'ASTM D638-Probetas'!D$6 -> 5320 | J10: =F10/100*50 -> 0 | K10: =J10/1/50*7.62 -> 0 | L10: =J10/10/50*7.62 -> 0 | M10: =J10/100/50*7.62 -> 0 | N10: =J10/5 -> 0 | O10: =J10/50 -> 0 | P10: =J10/500 -> 0 | Q10: =F10*50/100/100 -> 0 | R10: =50+J10 -> 50 | S10: =R10+$S$4 -> 60 | T10: =S10/$T$7 -> 0.0065559441 | U10: =IF(T10<Q10,"SI",IF(Q10=0,"SI",IF(T10>Q10,"NO"))) -> SI | V10: =Q10/T10 -> 0
B11: ABS | C11: 47.56 | F11: 15 | G11: =$C11*$H$3*'ASTM D638-Probetas'!B$6 -> 2473.12 | H11: =$C11*$H$3*'ASTM D638-Probetas'!C$6 -> 1141.44 | I11: =$C11*$H$3*'ASTM D638-Probetas'!D$6 -> 6325.48 | J11: =F11/100*50 -> 7.5 | K11: =J11/1/50*7.62 -> 1.143 | L11: =J11/10/50*7.62 -> 0.1143 | M11: =J11/100/50*7.62 -> 0.01143 | N11: =J11/5 -> 1.5 | O11: =J11/50 -> 0.15 | P11: =J11/500 -> 0.015 | Q11: =F11*50/100/100 -> 0.075 | R11: =50+J11 -> 57.5 | S11: =R11+$S$4 -> 67.5 | T11: =S11/$T$7 -> 0.0073754371 | U11: =IF(T11<Q11,"SI",IF(Q11=0,"SI",IF(T11>Q11,"NO"))) -> SI | V11: =Q11/T11 -> 10.168889
B12: PETG | C12: 53 | F12: 130 | G12: =$C12*$H$3*'ASTM D638-Probetas'!B$6 -> 2756 | H12: =$C12*$H$3*'ASTM D638-Probetas'!C$6 -> 1272 | I12: =$C12*$H$3*'ASTM D638-Probetas'!D$6 -> 7049 | J12: =F12/100*50 -> 65 | K12: =J12/1/50*7.62 -> 9.906 | L12: =J12/10/50*7.62 -> 0.9906 | M12: =J12/100/50*7.62 -> 0.09906 | N12: =J12/5 -> 13 | O12: =J12/50 -> 1.3 | P12: =J12/500 -> 0.13 | Q12: =F12*50/100/100 -> 0.65 | R12: =50+J12 -> 115 | S12: =R12+$S$4 -> 125 | T12: =S12/$T$7 -> 0.013658217 | U12: =IF(T12<Q12,"SI",IF(Q12=0,"SI",IF(T12>Q12,"NO"))) -> SI | V12: =Q12/T12 -> 47.5904
B13: NYLON 12 (Grilon EMS) | C13: 55 | E13: 1400 | F13: 50 | G13: =$C13*$H$3*'ASTM D638-Probetas'!B$6 -> 2860 | H13: =$C13*$H$3*'ASTM D638-Probetas'!C$6 -> 1320 | I13: =$C13*$H$3*'ASTM D638-Probetas'!D$6 -> 7315 | J13: =F13/100*50 -> 25 | K13: =J13/1/50*7.62 -> 3.81 | L13: =J13/10/50*7.62 -> 0.381 | M13: =J13/100/50*7.62 -> 0.0381 | N13: =J13/5 -> 5 | O13: =J13/50 -> 0.5 | P13: =J13/500 -> 0.05 | Q13: =F13*50/100/100 -> 0.25 | R13: =50+J13 -> 75 | S13: =R13+$S$4 -> 85 | T13: =S13/$T$7 -> 0.0092875874 | U13: =IF(T13<Q13,"SI",IF(Q13=0,"SI",IF(T13>Q13,"NO"))) -> SI | V13: =Q13/T13 -> 26.917647
B14: ACETAL | C14: 45 | E14: 1700 | F14: 50 | G14: =$C14*$H$3*'ASTM D638-Probetas'!B$6 -> 2340 | H14: =$C14*$H$3*'ASTM D638-Probetas'!C$6 -> 1080 | I14: =$C14*$H$3*'ASTM D638-Probetas'!D$6 -> 5985 | J14: =F14/100*50 -> 25 | K14: =J14/1/50*7.62 -> 3.81 | L14: =J14/10/50*7.62 -> 0.381 | M14: =J14/100/50*7.62 -> 0.0381 | N14: =J14/5 -> 5 | O14: =J14/50 -> 0.5 | P14: =J14/500 -> 0.05 | Q14: =F14*50/100/100 -> 0.25 | R14: =50+J14 -> 75 | S14: =R14+$S$4 -> 85 | T14: =S14/$T$7 -> 0.0092875874 | U14: =IF(T14<Q14,"SI",IF(Q14=0,"SI",IF(T14>Q14,"NO"))) -> SI | V14: =Q14/T14 -> 26.917647
B15: HIPS | C15: 17 | E15: 1350 | F15: 50 | G15: =$C15*$H$3*'ASTM D638-Probetas'!B$6 -> 884 | H15: =$C15*$H$3*'ASTM D638-Probetas'!C$6 -> 408 | I15: =$C15*$H$3*'ASTM D638-Probetas'!D$6 -> 2261 | J15: =F15/100*50 -> 25 | K15: =J15/1/50*7.62 -> 3.81 | L15: =J15/10/50*7.62 -> 0.381 | M15: =J15/100/50*7.62 -> 0.0381 | N15: =J15/5 -> 5 | O15: =J15/50 -> 0.5 | P15: =J15/500 -> 0.05 | Q15: =F15*50/100/100 -> 0.25 | R15: =50+J15 -> 75 | S15: =R15+$S$4 -> 85 | T15: =S15/$T$7 -> 0.0092875874 | U15: =IF(T15<Q15,"SI",IF(Q15=0,"SI",IF(T15>Q15,"NO"))) -> SI | V15: =Q15/T15 -> 26.917647
A16: Printalot | B16: PLA | C16: 53 | E16: 3600 | F16: 6 | G16: =$C16*$H$3*'ASTM D638-Probetas'!B$6 -> 2756 | H16: =$C16*$H$3*'ASTM D638-Probetas'!C$6 -> 1272 | I16: =$C16*$H$3*'ASTM D638-Probetas'!D$6 -> 7049 | J16: =F16/100*50 -> 3 | K16: =J16/1/50*7.62 -> 0.4572 | L16: =J16/10/50*7.62 -> 0.04572 | M16: =J16/100/50*7.62 -> 0.004572 | N16: =J16/5 -> 0.6 | O16: =J16/50 -> 0.06 | P16: =J16/500 -> 0.006 | Q16: =F16*50/100/100 -> 0.03 | R16: =50+J16 -> 53 | S16: =R16+$S$4 -> 63 | T16: =S16/$T$7 -> 0.0068837413 | U16: =IF(T16<Q16,"SI",IF(Q16=0,"SI",IF(T16>Q16,"NO"))) -> SI | V16: =Q16/T16 -> 4.3580952
B17: PLA 3Di | C17: 51 | E17: 2315 | F17: 3.31 | G17: =$C17*$H$3*'ASTM D638-Probetas'!B$6 -> 2652 | H17: =$C17*$H$3*'ASTM D638-Probetas'!C$6 -> 1224 | I17: =$C17*$H$3*'ASTM D638-Probetas'!D$6 -> 6783 | J17: =F17/100*50 -> 1.655 | K17: =J17/1/50*7.62 -> 0.252222 | L17: =J17/10/50*7.62 -> 0.0252222 | M17: =J17/100/50*7.62 -> 0.00252222 | N17: =J17/5 -> 0.331 | O17: =J17/50 -> 0.0331 | P17: =J17/500 -> 0.00331 | Q17: =F17*50/100/100 -> 0.01655 | R17: =50+J17 -> 51.655 | S17: =R17+$S$4 -> 61.655 | T17: =S17/$T$7 -> 0.0067367788 | U17: =IF(T17<Q17,"SI",IF(Q17=0,"SI",IF(T17>Q17,"NO"))) -> SI | V17: =Q17/T17 -> 2.4566637
B18: PLA MAX | C18: 79 | E18: 3622 | F18: 6 | G18: =$C18*$H$3*'ASTM D638-Probetas'!B$6 -> 4108 | H18: =$C18*$H$3*'ASTM D638-Probetas'!C$6 -> 1896 | I18: =$C18*$H$3*'ASTM D638-Probetas'!D$6 -> 10507 | J18: =F18/100*50 -> 3 | K18: =J18/1/50*7.62 -> 0.4572 | L18: =J18/10/50*7.62 -> 0.04572 | M18: =J18/100/50*7.62 -> 0.004572 | N18: =J18/5 -> 0.6 | O18: =J18/50 -> 0.06 | P18: =J18/500 -> 0.006 | Q18: =F18*50/100/100 -> 0.03 | R18: =50+J18 -> 53 | S18: =R18+$S$4 -> 63 | T18: =S18/$T$7 -> 0.0068837413 | U18: =IF(T18<Q18,"SI",IF(Q18=0,"SI",IF(T18>Q18,"NO"))) -> SI | V18: =Q18/T18 -> 4.3580952
B19: ABS | C19: 35 | D19: Tipo I | E19: 2480 | F19: 18 | G19: =$C19*$H$3*'ASTM D638-Probetas'!B$6 -> 1820 | H19: =$C19*$H$3*'ASTM D638-Probetas'!C$6 -> 840 | I19: =$C19*$H$3*'ASTM D638-Probetas'!D$6 -> 4655 | J19: =F19/100*50 -> 9 | K19: =J19/1/50*7.62 -> 1.3716 | L19: =J19/10/50*7.62 -> 0.13716 | M19: =J19/100/50*7.62 -> 0.013716 | N19: =J19/5 -> 1.8 | O19: =J19/50 -> 0.18 | P19: =J19/500 -> 0.018 | Q19: =F19*50/100/100 -> 0.09 | R19: =50+J19 -> 59 | S19: =R19+$S$4 -> 69 | T19: =S19/$T$7 -> 0.0075393357 | U19: =IF(T19<Q19,"SI",IF(Q19=0,"SI",IF(T19>Q19,"NO"))) -> SI | V19: =Q19/T19 -> 11.937391
B20: PETG | C20: 50 | F20: 130 | G20: =$C20*$H$3*'ASTM D638-Probetas'!B$6 -> 2600 | H20: =$C20*$H$3*'ASTM D638-Probetas'!C$6 -> 1200 | I20: =$C20*$H$3*'ASTM D638-Probetas'!D$6 -> 6650 | J20: =F20/100*50 -> 65 | K20: =J20/1/50*7.62 -> 9.906 | L20: =J20/10/50*7.62 -> 0.9906 | M20: =J20/100/50*7.62 -> 0.09906 | N20: =J20/5 -> 13 | O20: =J20/50 -> 1.3 | P20: =J20/500 -> 0.13 | Q20: =F20*50/100/100 -> 0.65 | R20: =50+J20 -> 115 | S20: =R20+$S$4 -> 125 | T20: =S20/$T$7 -> 0.013658217 | U20: =IF(T20<Q20,"SI",IF(Q20=0,"SI",IF(T20>Q20,"NO"))) -> SI | V20: =Q20/T20 -> 47.5904
B21: HIPS | C21: 23 | E21: 2000 | F21: 50 | G21: =$C21*$H$3*'ASTM D638-Probetas'!B$6 -> 1196 | H21: =$C21*$H$3*'ASTM D638-Probetas'!C$6 -> 552 | I21: =$C21*$H$3*'ASTM D638-Probetas'!D$6 -> 3059 | J21: =F21/100*50 -> 25 | K21: =J21/1/50*7.62 -> 3.81 | L21: =J21/10/50*7.62 -> 0.381 | M21: =J21/100/50*7.62 -> 0.0381 | N21: =J21/5 -> 5 | O21: =J21/50 -> 0.5 | P21: =J21/500 -> 0.05 | Q21: =F21*50/100/100 -> 0.25 | R21: =50+J21 -> 75 | S21: =R21+$S$4 -> 85 | T21: =S21/$T$7 -> 0.0092875874 | U21: =IF(T21<Q21,"SI",IF(Q21=0,"SI",IF(T21>Q21,"NO"))) -> SI | V21: =Q21/T21 -> 26.917647
B22: PC | C22: 50 | E22: 2350 | F22: 110 | G22: =$C22*$H$3*'ASTM D638-Probetas'!B$6 -> 2600 | H22: =$C22*$H$3*'ASTM D638-Probetas'!C$6 -> 1200 | I22: =$C22*$H$3*'ASTM D638-Probetas'!D$6 -> 6650 | J22: =F22/100*50 -> 55 | K22: =J22/1/50*7.62 -> 8.382 | L22: =J22/10/50*7.62 -> 0.8382 | M22: =J22/100/50*7.62 -> 0.08382 | N22: =J22/5 -> 11 | O22: =J22/50 -> 1.1 | P22: =J22/500 -> 0.11 | Q22: =F22*50/100/100 -> 0.55 | R22: =50+J22 -> 105 | S22: =R22+$S$4 -> 115 | T22: =S22/$T$7 -> 0.012565559 | U22: =IF(T22<Q22,"SI",IF(Q22=0,"SI",IF(T22>Q22,"NO"))) -> SI | V22: =Q22/T22 -> 43.770435
B23: PC/ABS | C23: 45 | F23: 100 | G23: =$C23*$H$3*'ASTM D638-Probetas'!B$6 -> 2340 | H23: =$C23*$H$3*'ASTM D638-Probetas'!C$6 -> 1080 | I23: =$C23*$H$3*'ASTM D638-Probetas'!D$6 -> 5985 | J23: =F23/100*50 -> 50 | K23: =J23/1/50*7.62 -> 7.62 | L23: =J23/10/50*7.62 -> 0.762 | M23: =J23/100/50*7.62 -> 0.0762 | N23: =J23/5 -> 10 | O23: =J23/50 -> 1 | P23: =J23/500 -> 0.1 | Q23: =F23*50/100/100 -> 0.5 | R23: =50+J23 -> 100 | S23: =R23+$S$4 -> 110 | T23: =S23/$T$7 -> 0.012019231 | U23: =IF(T23<Q23,"SI",IF(Q23=0,"SI",IF(T23>Q23,"NO"))) -> SI | V23: =Q23/T23 -> 41.6
A24: 3D System | B24: DuraFor ProX PA - Polvo | C24: 48 | D24: Tipo I | E24: 2100 | F24: 19 | G24: =$C24*$H$3*'ASTM D638-Probetas'!B$6 -> 2496 | H24: =$C24*$H$3*'ASTM D638-Probetas'!C$6 -> 1152 | I24: =$C24*$H$3*'ASTM D638-Probetas'!D$6 -> 6384 | J24: =F24/100*50 -> 9.5 | K24: =J24/1/50*7.62 -> 1.4478 | L24: =J24/10/50*7.62 -> 0.14478 | M24: =J24/100/50*7.62 -> 0.014478 | N24: =J24/5 -> 1.9 | O24: =J24/50 -> 0.19 | P24: =J24/500 -> 0.019 | Q24: =F24*50/100/100 -> 0.095 | R24: =50+J24 -> 59.5 | S24: =R24+$S$4 -> 69.5 | T24: =S24/$T$7 -> 0.0075939685 | U24: =IF(T24<Q24,"SI",IF(Q24=0,"SI",IF(T24>Q24,"NO"))) -> SI | V24: =Q24/T24 -> 12.509928
B25: Figure 4 TOUGH-BLK 20 | C25: 40 | E25: 1780 | F25: 36 | G25: =$C25*$H$3*'ASTM D638-Probetas'!B$6 -> 2080 | H25: =$C25*$H$3*'ASTM D638-Probetas'!C$6 -> 960 | I25: =$C25*$H$3*'ASTM D638-Probetas'!D$6 -> 5320 | J25: =F25/100*50 -> 18 | K25: =J25/1/50*7.62 -> 2.7432 | L25: =J25/10/50*7.62 -> 0.27432 | M25: =J25/100/50*7.62 -> 0.027432 | N25: =J25/5 -> 3.6 | O25: =J25/50 -> 0.36 | P25: =J25/500 -> 0.036 | Q25: =F25*50/100/100 -> 0.18 | R25: =50+J25 -> 68 | S25: =R25+$S$4 -> 78 | T25: =S25/$T$7 -> 0.0085227273 | U25: =IF(T25<Q25,"SI",IF(Q25=0,"SI",IF(T25>Q25,"NO"))) -> SI | V25: =Q25/T25 -> 21.12
B26: Figure 4 Gris Rígido - Resina | C26: 61 | E26: 2400 | F26: 30 | G26: =$C26*$H$3*'ASTM D638-Probetas'!B$6 -> 3172 | H26: =$C26*$H$3*'ASTM D638-Probetas'!C$6 -> 1464 | I26: =$C26*$H$3*'ASTM D638-Probetas'!D$6 -> 8113 | J26: =F26/100*50 -> 15 | K26: =J26/1/50*7.62 -> 2.286 | L26: =J26/10/50*7.62 -> 0.2286 | M26: =J26/100/50*7.62 -> 0.02286 | N26: =J26/5 -> 3 | O26: =J26/50 -> 0.3 | P26: =J26/500 -> 0.03 | Q26: =F26*50/100/100 -> 0.15 | R26: =50+J26 -> 65 | S26: =R26+$S$4 -> 75 | T26: =S26/$T$7 -> 0.0081949301 | U26: =IF(T26<Q26,"SI",IF(Q26=0,"SI",IF(T26>Q26,"NO"))) -> SI | V26: =Q26/T26 -> 18.304
B27: Figure 4 TOUGH-GRY 15 - Resina | C27: 48 | E27: 2120 | F27: 35 | G27: =$C27*$H$3*'ASTM D638-Probetas'!B$6 -> 2496 | H27: =$C27*$H$3*'ASTM D638-Probetas'!C$6 -> 1152 | I27: =$C27*$H$3*'ASTM D638-Probetas'!D$6 -> 6384 | J27: =F27/100*50 -> 17.5 | K27: =J27/1/50*7.62 -> 2.667 | L27: =J27/10/50*7.62 -> 0.2667 | M27: =J27/100/50*7.62 -> 0.02667 | N27: =J27/5 -> 3.5 | O27: =J27/50 -> 0.35 | P27: =J27/500 -> 0.035 | Q27: =F27*50/100/100 -> 0.175 | R27: =50+J27 -> 67.5 | S27: =R27+$S$4 -> 77.5 | T27: =S27/$T$7 -> 0.0084680944 | U27: =IF(T27<Q27,"SI",IF(Q27=0,"SI",IF(T27>Q27,"NO"))) -> SI | V27: =Q27/T27 -> 20.665806
B28: Accura 60 - Resina | C28: 68 | E28: 3100 | F28: 13 | G28: =$C28*$H$3*'ASTM D638-Probetas'!B$6 -> 3536 | H28: =$C28*$H$3*'ASTM D638-Probetas'!C$6 -> 1632 | I28: =$C28*$H$3*'ASTM D638-Probetas'!D$6 -> 9044 | J28: =F28/100*50 -> 6.5 | K28: =J28/1/50*7.62 -> 0.9906 | L28: =J28/10/50*7.62 -> 0.09906 | M28: =J28/100/50*7.62 -> 0.009906 | N28: =J28/5 -> 1.3 | O28: =J28/50 -> 0.13 | P28: =J28/500 -> 0.013 | Q28: =F28*50/100/100 -> 0.065 | R28: =50+J28 -> 56.5 | S28: =R28+$S$4 -> 66.5 | T28: =S28/$T$7 -> 0.0072661713 | U28: =IF(T28<Q28,"SI",IF(Q28=0,"SI",IF(T28>Q28,"NO"))) -> SI | V28: =Q28/T28 -> 8.9455639
B29: Accura ClearVue - Resina | C29: 53 | E29: 2640 | F29: 15 | G29: =$C29*$H$3*'ASTM D638-Probetas'!B$6 -> 2756 | H29: =$C29*$H$3*'ASTM D638-Probetas'!C$6 -> 1272 | I29: =$C29*$H$3*'ASTM D638-Probetas'!D$6 -> 7049 | J29: =F29/100*50 -> 7.5 | K29: =J29/1/50*7.62 -> 1.143 | L29: =J29/10/50*7.62 -> 0.1143 | M29: =J29/100/50*7.62 -> 0.01143 | N29: =J29/5 -> 1.5 | O29: =J29/50 -> 0.15 | P29: =J29/500 -> 0.015 | Q29: =F29*50/100/100 -> 0.075 | R29: =50+J29 -> 57.5 | S29: =R29+$S$4 -> 67.5 | T29: =S29/$T$7 -> 0.0073754371 | U29: =IF(T29<Q29,"SI",IF(Q29=0,"SI",IF(T29>Q29,"NO"))) -> SI | V29: =Q29/T29 -> 10.168889
B30: Accura Fidelity - Resina | C30: 65 | E30: 2790 | F30: 5 | G30: =$C30*$H$3*'ASTM D638-Probetas'!B$6 -> 3380 | H30: =$C30*$H$3*'ASTM D638-Probetas'!C$6 -> 1560 | I30: =$C30*$H$3*'ASTM D638-Probetas'!D$6 -> 8645 | J30: =F30/100*50 -> 2.5 | K30: =J30/1/50*7.62 -> 0.381 | L30: =J30/10/50*7.62 -> 0.0381 | M30: =J30/100/50*7.62 -> 0.00381 | N30: =J30/5 -> 0.5 | O30: =J30/50 -> 0.05 | P30: =J30/500 -> 0.005 | Q30: =F30*50/100/100 -> 0.025 | R30: =50+J30 -> 52.5 | S30: =R30+$S$4 -> 62.5 | T30: =S30/$T$7 -> 0.0068291084 | U30: =IF(T30<Q30,"SI",IF(Q30=0,"SI",IF(T30>Q30,"NO"))) -> SI | V30: =Q30/T30 -> 3.6608
B31: Accura AMX Durable Natural - Resina | C31: 32 | D31: Tipo IV | E31: 1000 | F31: 80 | G31: =$C31*$H$3*'ASTM D638-Probetas'!B$6 -> 1664 | H31: =$C31*$H$3*'ASTM D638-Probetas'!C$6 -> 768 | I31: =$C31*$H$3*'ASTM D638-Probetas'!D$6 -> 4256 | J31: =F31/100*50 -> 40 | K31: =J31/1/50*7.62 -> 6.096 | L31: =J31/10/50*7.62 -> 0.6096 | M31: =J31/100/50*7.62 -> 0.06096 | N31: =J31/5 -> 8 | O31: =J31/50 -> 0.8 | P31: =J31/500 -> 0.08 | Q31: =F31*50/100/100 -> 0.4 | R31: =50+J31 -> 90 | S31: =R31+$S$4 -> 100 | T31: =S31/$T$7 -> 0.010926573 | U31: =IF(T31<Q31,"SI",IF(Q31=0,"SI",IF(T31>Q31,"NO"))) -> SI | V31: =Q31/T31 -> 36.608
B32: Accura Composite PIV - Resina | C32: 72 | D32: Tipo IV | E32: 9300 | F32: 1.2 | G32: =$C32*$H$3*'ASTM D638-Probetas'!B$6 -> 3744 | H32: =$C32*$H$3*'ASTM D638-Probetas'!C$6 -> 1728 | I32: =$C32*$H$3*'ASTM D638-Probetas'!D$6 -> 9576 | J32: =F32/100*50 -> 0.6 | K32: =J32/1/50*7.62 -> 0.09144 | L32: =J32/10/50*7.62 -> 0.009144 | M32: =J32/100/50*7.62 -> 0.0009144 | N32: =J32/5 -> 0.12 | O32: =J32/50 -> 0.012 | P32: =J32/500 -> 0.0012 | Q32: =F32*50/100/100 -> 0.006 | R32: =50+J32 -> 50.6 | S32: =R32+$S$4 -> 60.6 | T32: =S32/$T$7 -> 0.0066215035 | U32: =IF(T32<Q32,"SI",IF(Q32=0,"SI",IF(T32>Q32,"NO"))) -> NO | V32: =Q32/T32 -> 0.90613861
B33: DuraForm FR1200 - Resina | C33: 41 | E33: 2040 | F33: 5.9 | G33: =$C33*$H$3*'ASTM D638-Probetas'!B$6 -> 2132 | H33: =$C33*$H$3*'ASTM D638-Probetas'!C$6 -> 984 | I33: =$C33*$H$3*'ASTM D638-Probetas'!D$6 -> 5453 | J33: =F33/100*50 -> 2.95 | K33: =J33/1/50*7.62 -> 0.44958 | L33: =J33/10/50*7.62 -> 0.044958 | M33: =J33/100/50*7.62 -> 0.0044958 | N33: =J33/5 -> 0.59 | O33: =J33/50 -> 0.059 | P33: =J33/500 -> 0.0059 | Q33: =F33*50/100/100 -> 0.0295 | R33: =50+J33 -> 52.95 | S33: =R33+$S$4 -> 62.95 | T33: =S33/$T$7 -> 0.006878278 | U33: =IF(T33<Q33,"SI",IF(Q33=0,"SI",IF(T33>Q33,"NO"))) -> SI | V33: =Q33/T33 -> 4.2888642
B34: DuraForm® PA Plastic - Resina | C34: 43 | E34: 1586 | F34: 14 | G34: =$C34*$H$3*'ASTM D638-Probetas'!B$6 -> 2236 | H34: =$C34*$H$3*'ASTM D638-Probetas'!C$6 -> 1032 | I34: =$C34*$H$3*'ASTM D638-Probetas'!D$6 -> 5719 | J34: =F34/100*50 -> 7 | K34: =J34/1/50*7.62 -> 1.0668 | L34: =J34/10/50*7.62 -> 0.10668 | M34: =J34/100/50*7.62 -> 0.010668 | N34: =J34/5 -> 1.4 | O34: =J34/50 -> 0.14 | P34: =J34/500 -> 0.014 | Q34: =F34*50/100/100 -> 0.07 | R34: =50+J34 -> 57 | S34: =R34+$S$4 -> 67 | T34: =S34/$T$7 -> 0.0073208042 | U34: =IF(T34<Q34,"SI",IF(Q34=0,"SI",IF(T34>Q34,"NO"))) -> SI | V34: =Q34/T34 -> 9.561791
B35: Duraform GF | C35: 27 | E35: 4068 | F35: 1.4 | G35: =$C35*$H$3*'ASTM D638-Probetas'!B$6 -> 1404 | H35: =$C35*$H$3*'ASTM D638-Probetas'!C$6 -> 648 | I35: =$C35*$H$3*'ASTM D638-Probetas'!D$6 -> 3591 | J35: =F35/100*50 -> 0.7 | K35: =J35/1/50*7.62 -> 0.10668 | L35: =J35/10/50*7.62 -> 0.010668 | M35: =J35/100/50*7.62 -> 0.0010668 | N35: =J35/5 -> 0.14 | O35: =J35/50 -> 0.014 | P35: =J35/500 -> 0.0014 | Q35: =F35*50/100/100 -> 0.007 | R35: =50+J35 -> 50.7 | S35: =R35+$S$4 -> 60.7 | T35: =S35/$T$7 -> 0.0066324301 | U35: =IF(T35<Q35,"SI",IF(Q35=0,"SI",IF(T35>Q35,"NO"))) -> SI | V35: =Q35/T35 -> 1.0554201
A36: Stratasys | B36: Nylon 12 | C36: 32 | D36: Tipo I | E36: 1138 | F36: 30 | G36: =$C36*$H$3*'ASTM D638-Probetas'!B$6 -> 1664 | H36: =$C36*$H$3*'ASTM D638-Probetas'!C$6 -> 768 | I36: =$C36*$H$3*'ASTM D638-Probetas'!D$6 -> 4256 | J36: =F36/100*50 -> 15 | K36: =J36/1/50*7.62 -> 2.286 | L36: =J36/10/50*7.62 -> 0.2286 | M36: =J36/100/50*7.62 -> 0.02286 | N36: =J36/5 -> 3 | O36: =J36/50 -> 0.3 | P36: =J36/500 -> 0.03 | Q36: =F36*50/100/100 -> 0.15 | R36: =50+J36 -> 65 | S36: =R36+$S$4 -> 75 | T36: =S36/$T$7 -> 0.0081949301 | U36: =IF(T36<Q36,"SI",IF(Q36=0,"SI",IF(T36>Q36,"NO"))) -> SI | V36: =Q36/T36 -> 18.304
B37: Nylon 12 CF | C37: 75.6 | D37: Tipo I | E37: 7515 | F37: 1.9 | G37: =$C37*$H$3*'ASTM D638-Probetas'!B$6 -> 3931.2 | H37: =$C37*$H$3*'ASTM D638-Probetas'!C$6 -> 1814.4 | I37: =$C37*$H$3*'ASTM D638-Probetas'!D$6 -> 10054.8 | J37: =F37/100*50 -> 0.95 | K37: =J37/1/50*7.62 -> 0.14478 | L37: =J37/10/50*7.62 -> 0.014478 | M37: =J37/100/50*7.62 -> 0.0014478 | N37: =J37/5 -> 0.19 | O37: =J37/50 -> 0.019 | P37: =J37/500 -> 0.0019 | Q37: =F37*50/100/100 -> 0.0095 | R37: =50+J37 -> 50.95 | S37: =R37+$S$4 -> 60.95 | T37: =S37/$T$7 -> 0.0066597465 | U37: =IF(T37<Q37,"SI",IF(Q37=0,"SI",IF(T37>Q37,"NO"))) -> SI | V37: =Q37/T37 -> 1.4264807
B38: Nylon 12 CF | C38: 83.5 | D38: Tipo I | E38: 9460 | F38: 2.4 | G38: =$C38*$H$3*'ASTM D638-Probetas'!B$6 -> 4342 | H38: =$C38*$H$3*'ASTM D638-Probetas'!C$6 -> 2004 | I38: =$C38*$H$3*'ASTM D638-Probetas'!D$6 -> 11105.5 | J38: =F38/100*50 -> 1.2 | K38: =J38/1/50*7.62 -> 0.18288 | L38: =J38/10/50*7.62 -> 0.018288 | M38: =J38/100/50*7.62 -> 0.0018288 | N38: =J38/5 -> 0.24 | O38: =J38/50 -> 0.024 | P38: =J38/500 -> 0.0024 | Q38: =F38*50/100/100 -> 0.012 | R38: =50+J38 -> 51.2 | S38: =R38+$S$4 -> 61.2 | T38: =S38/$T$7 -> 0.0066870629 | U38: =IF(T38<Q38,"SI",IF(Q38=0,"SI",IF(T38>Q38,"NO"))) -> SI | V38: =Q38/T38 -> 1.7945098
B39: PC | C39: 57 | D39: Tipo I | E39: 1944 | F39: 4.8 | G39: =$C39*$H$3*'ASTM D638-Probetas'!B$6 -> 2964 | H39: =$C39*$H$3*'ASTM D638-Probetas'!C$6 -> 1368 | I39: =$C39*$H$3*'ASTM D638-Probetas'!D$6 -> 7581 | J39: =F39/100*50 -> 2.4 | K39: =J39/1/50*7.62 -> 0.36576 | L39: =J39/10/50*7.62 -> 0.036576 | M39: =J39/100/50*7.62 -> 0.0036576 | N39: =J39/5 -> 0.48 | O39: =J39/50 -> 0.048 | P39: =J39/500 -> 0.0048 | Q39: =F39*50/100/100 -> 0.024 | R39: =50+J39 -> 52.4 | S39: =R39+$S$4 -> 62.4 | T39: =S39/$T$7 -> 0.0068181818 | U39: =IF(T39<Q39,"SI",IF(Q39=0,"SI",IF(T39>Q39,"NO"))) -> SI | V39: =Q39/T39 -> 3.52
B40: ULTEM 9085 resin | C40: 70 | D40: Tipo I | E40: 2510 | F40: 5.4 | G40: =$C40*$H$3*'ASTM D638-Probetas'!B$6 -> 3640 | H40: =$C40*$H$3*'ASTM D638-Probetas'!C$6 -> 1680 | I40: =$C40*$H$3*'ASTM D638-Probetas'!D$6 -> 9310 | J40: =F40/100*50 -> 2.7 | K40: =J40/1/50*7.62 -> 0.41148 | L40: =J40/10/50*7.62 -> 0.041148 | M40: =J40/100/50*7.62 -> 0.0041148 | N40: =J40/5 -> 0.54 | O40: =J40/50 -> 0.054 | P40: =J40/500 -> 0.0054 | Q40: =F40*50/100/100 -> 0.027 | R40: =50+J40 -> 52.7 | S40: =R40+$S$4 -> 62.7 | T40: =S40/$T$7 -> 0.0068509615 | U40: =IF(T40<Q40,"SI",IF(Q40=0,"SI",IF(T40>Q40,"NO"))) -> SI | V40: =Q40/T40 -> 3.9410526
A41: MatterHackers | B41: NylonG (fibra de vidrio) | C41: 95 | E41: 4000 | G41: =$C41*$H$3*'ASTM D638-Probetas'!B$6 -> 4940 | H41: =$C41*$H$3*'ASTM D638-Probetas'!C$6 -> 2280 | I41: =$C41*$H$3*'ASTM D638-Probetas'!D$6 -> 12635 | J41: =F41/100*50 -> 0 | K41: =J41/1/50*7.62 -> 0 | L41: =J41/10/50*7.62 -> 0 | M41: =J41/100/50*7.62 -> 0 | N41: =J41/5 -> 0 | O41: =J41/50 -> 0 | P41: =J41/500 -> 0 | Q41: =F41*50/100/100 -> 0 | R41: =50+J41 -> 50 | S41: =R41+$S$4 -> 60 | T41: =S41/$T$7 -> 0.0065559441 | U41: =IF(T41<Q41,"SI",IF(Q41=0,"SI",IF(T41>Q41,"NO"))) -> SI | V41: =Q41/T41 -> 0
B42: NylonX (F. de Carbono) | C42: 100 | E42: 6000 | G42: =$C42*$H$3*'ASTM D638-Probetas'!B$6 -> 5200 | H42: =$C42*$H$3*'ASTM D638-Probetas'!C$6 -> 2400 | I42: =$C42*$H$3*'ASTM D638-Probetas'!D$6 -> 13300 | J42: =F42/100*50 -> 0 | K42: =J42/1/50*7.62 -> 0 | L42: =J42/10/50*7.62 -> 0 | M42: =J42/100/50*7.62 -> 0 | N42: =J42/5 -> 0 | O42: =J42/50 -> 0 | P42: =J42/500 -> 0 | Q42: =F42*50/100/100 -> 0 | R42: =50+J42 -> 50 | S42: =R42+$S$4 -> 60 | T42: =S42/$T$7 -> 0.0065559441 | U42: =IF(T42<Q42,"SI",IF(Q42=0,"SI",IF(T42>Q42,"NO"))) -> SI | V42: =Q42/T42 -> 0
B43: Nylon (Pro Series) | C43: 36.26 | D43: Tipo IV | F43: 34 | G43: =$C43*$H$3*'ASTM D638-Probetas'!B$6 -> 1885.52 | H43: =$C43*$H$3*'ASTM D638-Probetas'!C$6 -> 870.24 | I43: =$C43*$H$3*'ASTM D638-Probetas'!D$6 -> 4822.58 | J43: =F43/100*50 -> 17 | K43: =J43/1/50*7.62 -> 2.5908 | L43: =J43/10/50*7.62 -> 0.25908 | M43: =J43/100/50*7.62 -> 0.025908 | N43: =J43/5 -> 3.4 | O43: =J43/50 -> 0.34 | P43: =J43/500 -> 0.034 | Q43: =F43*50/100/100 -> 0.17 | R43: =50+J43 -> 67 | S43: =R43+$S$4 -> 77 | T43: =S43/$T$7 -> 0.0084134615 | U43: =IF(T43<Q43,"SI",IF(Q43=0,"SI",IF(T43>Q43,"NO"))) -> SI | V43: =Q43/T43 -> 20.205714
B44: PETG (Pro Series) | C44: 74.46 | D44: Tipo IV | F44: 5 | G44: =$C44*$H$3*'ASTM D638-Probetas'!B$6 -> 3871.92 | H44: =$C44*$H$3*'ASTM D638-Probetas'!C$6 -> 1787.04 | I44: =$C44*$H$3*'ASTM D638-Probetas'!D$6 -> 9903.18 | J44: =F44/100*50 -> 2.5 | K44: =J44/1/50*7.62 -> 0.381 | L44: =J44/10/50*7.62 -> 0.0381 | M44: =J44/100/50*7.62 -> 0.00381 | N44: =J44/5 -> 0.5 | O44: =J44/50 -> 0.05 | P44: =J44/500 -> 0.005 | Q44: =F44*50/100/100 -> 0.025 | R44: =50+J44 -> 52.5 | S44: =R44+$S$4 -> 62.5 | T44: =S44/$T$7 -> 0.0068291084 | U44: =IF(T44<Q44,"SI",IF(Q44=0,"SI",IF(T44>Q44,"NO"))) -> SI | V44: =Q44/T44 -> 3.6608
B45: PETG (Pro Ryno) | C45: 55.22 | D45: Tipo IV | F45: 10 | G45: =$C45*$H$3*'ASTM D638-Probetas'!B$6 -> 2871.44 | H45: =$C45*$H$3*'ASTM D638-Probetas'!C$6 -> 1325.28 | I45: =$C45*$H$3*'ASTM D638-Probetas'!D$6 -> 7344.26 | J45: =F45/100*50 -> 5 | K45: =J45/1/50*7.62 -> 0.762 | L45: =J45/10/50*7.62 -> 0.0762 | M45: =J45/100/50*7.62 -> 0.00762 | N45: =J45/5 -> 1 | O45: =J45/50 -> 0.1 | P45: =J45/500 -> 0.01 | Q45: =F45*50/100/100 -> 0.05 | R45: =50+J45 -> 55 | S45: =R45+$S$4 -> 65 | T45: =S45/$T$7 -> 0.0071022727 | U45: =IF(T45<Q45,"SI",IF(Q45=0,"SI",IF(T45>Q45,"NO"))) -> SI | V45: =Q45/T45 -> 7.04
B46: RYNO | C46: 55 | D46: Tipo IV | E46: 4157 | F46: 10 | G46: =$C46*$H$3*'ASTM D638-Probetas'!B$6 -> 2860 | H46: =$C46*$H$3*'ASTM D638-Probetas'!C$6 -> 1320 | I46: =$C46*$H$3*'ASTM D638-Probetas'!D$6 -> 7315 | J46: =F46/100*50 -> 5 | K46: =J46/1/50*7.62 -> 0.762 | L46: =J46/10/50*7.62 -> 0.0762 | M46: =J46/100/50*7.62 -> 0.00762 | N46: =J46/5 -> 1 | O46: =J46/50 -> 0.1 | P46: =J46/500 -> 0.01 | Q46: =F46*50/100/100 -> 0.05 | R46: =50+J46 -> 55 | S46: =R46+$S$4 -> 65 | T46: =S46/$T$7 -> 0.0071022727 | U46: =IF(T46<Q46,"SI",IF(Q46=0,"SI",IF(T46>Q46,"NO"))) -> SI | V46: =Q46/T46 -> 7.04
B47: HIPS | C47: 27 | E47: 39 | F47: 55 | G47: =$C47*$H$3*'ASTM D638-Probetas'!B$6 -> 1404 | H47: =$C47*$H$3*'ASTM D638-Probetas'!C$6 -> 648 | I47: =$C47*$H$3*'ASTM D638-Probetas'!D$6 -> 3591 | J47: =F47/100*50 -> 27.5 | K47: =J47/1/50*7.62 -> 4.191 | L47: =J47/10/50*7.62 -> 0.4191 | M47: =J47/100/50*7.62 -> 0.04191 | N47: =J47/5 -> 5.5 | O47: =J47/50 -> 0.55 | P47: =J47/500 -> 0.055 | Q47: =F47*50/100/100 -> 0.275 | R47: =50+J47 -> 77.5 | S47: =R47+$S$4 -> 87.5 | T47: =S47/$T$7 -> 0.0095607517 | U47: =IF(T47<Q47,"SI",IF(Q47=0,"SI",IF(T47>Q47,"NO"))) -> SI | V47: =Q47/T47 -> 28.763429
B48: PRO ABS | C48: 39.98 | F48: 2.6 | G48: =$C48*$H$3*'ASTM D638-Probetas'!B$6 -> 2078.96 | H48: =$C48*$H$3*'ASTM D638-Probetas'!C$6 -> 959.52 | I48: =$C48*$H$3*'ASTM D638-Probetas'!D$6 -> 5317.34 | J48: =F48/100*50 -> 1.3 | K48: =J48/1/50*7.62 -> 0.19812 | L48: =J48/10/50*7.62 -> 0.019812 | M48: =J48/100/50*7.62 -> 0.0019812 | N48: =J48/5 -> 0.26 | O48: =J48/50 -> 0.026 | P48: =J48/500 -> 0.0026 | Q48: =F48*50/100/100 -> 0.013 | R48: =50+J48 -> 51.3 | S48: =R48+$S$4 -> 61.3 | T48: =S48/$T$7 -> 0.0066979895 | U48: =IF(T48<Q48,"SI",IF(Q48=0,"SI",IF(T48>Q48,"NO"))) -> SI | V48: =Q48/T48 -> 1.9408809
A49: Protolabs | B49: PA 12 Carbon Filled | C49: 85 | E49: 8300 | F49: 3.2 | G49: =$C49*$H$3*'ASTM D638-Probetas'!B$6 -> 4420 | H49: =$C49*$H$3*'ASTM D638-Probetas'!C$6 -> 2040 | I49: =$C49*$H$3*'ASTM D638-Probetas'!D$6 -> 11305 | J49: =F49/100*50 -> 1.6 | K49: =J49/1/50*7.62 -> 0.24384 | L49: =J49/10/50*7.62 -> 0.024384 | M49: =J49/100/50*7.62 -> 0.0024384 | N49: =J49/5 -> 0.32 | O49: =J49/50 -> 0.032 | P49: =J49/500 -> 0.0032 | Q49: =F49*50/100/100 -> 0.016 | R49: =50+J49 -> 51.6 | S49: =R49+$S$4 -> 61.6 | T49: =S49/$T$7 -> 0.0067307692 | U49: =IF(T49<Q49,"SI",IF(Q49=0,"SI",IF(T49>Q49,"NO"))) -> SI | V49: =Q49/T49 -> 2.3771429
B50: PA 12 / HP - MJF | C50: 49 | E50: 1900 | F50: 12 | G50: =$C50*$H$3*'ASTM D638-Probetas'!B$6 -> 2548 | H50: =$C50*$H$3*'ASTM D638-Probetas'!C$6 -> 1176 | I50: =$C50*$H$3*'ASTM D638-Probetas'!D$6 -> 6517 | J50: =F50/100*50 -> 6 | K50: =J50/1/50*7.62 -> 0.9144 | L50: =J50/10/50*7.62 -> 0.09144 | M50: =J50/100/50*7.62 -> 0.009144 | N50: =J50/5 -> 1.2 | O50: =J50/50 -> 0.12 | P50: =J50/500 -> 0.012 | Q50: =F50*50/100/100 -> 0.06 | R50: =50+J50 -> 56 | S50: =R50+$S$4 -> 66 | T50: =S50/$T$7 -> 0.0072115385 | U50: =IF(T50<Q50,"SI",IF(Q50=0,"SI",IF(T50>Q50,"NO"))) -> SI | V50: =Q50/T50 -> 8.32
B51: PA 12 / EOS PA 2200 - Polvo | C51: 50 | E51: 2000 | F51: 11 | G51: =$C51*$H$3*'ASTM D638-Probetas'!B$6 -> 2600 | H51: =$C51*$H$3*'ASTM D638-Probetas'!C$6 -> 1200 | I51: =$C51*$H$3*'ASTM D638-Probetas'!D$6 -> 6650 | J51: =F51/100*50 -> 5.5 | K51: =J51/1/50*7.62 -> 0.8382 | L51: =J51/10/50*7.62 -> 0.08382 | M51: =J51/100/50*7.62 -> 0.008382 | N51: =J51/5 -> 1.1 | O51: =J51/50 -> 0.11 | P51: =J51/500 -> 0.011 | Q51: =F51*50/100/100 -> 0.055 | R51: =50+J51 -> 55.5 | S51: =R51+$S$4 -> 65.5 | T51: =S51/$T$7 -> 0.0071569056 | U51: =IF(T51<Q51,"SI",IF(Q51=0,"SI",IF(T51>Q51,"NO"))) -> SI | V51: =Q51/T51 -> 7.6848855
B52: EOS PA 1102 - Polvo | C52: 52 | E52: 1800 | F52: 30 | G52: =$C52*$H$3*'ASTM D638-Probetas'!B$6 -> 2704 | H52: =$C52*$H$3*'ASTM D638-Probetas'!C$6 -> 1248 | I52: =$C52*$H$3*'ASTM D638-Probetas'!D$6 -> 6916 | J52: =F52/100*50 -> 15 | K52: =J52/1/50*7.62 -> 2.286 | L52: =J52/10/50*7.62 -> 0.2286 | M52: =J52/100/50*7.62 -> 0.02286 | N52: =J52/5 -> 3 | O52: =J52/50 -> 0.3 | P52: =J52/500 -> 0.03 | Q52: =F52*50/100/100 -> 0.15 | R52: =50+J52 -> 65 | S52: =R52+$S$4 -> 75 | T52: =S52/$T$7 -> 0.0081949301 | U52: =IF(T52<Q52,"SI",IF(Q52=0,"SI",IF(T52>Q52,"NO"))) -> SI | V52: =Q52/T52 -> 18.304
B53: PA 12 FLEX - Polvo | C53: 50 | E53: 2000 | F53: 17 | G53: =$C53*$H$3*'ASTM D638-Probetas'!B$6 -> 2600 | H53: =$C53*$H$3*'ASTM D638-Probetas'!C$6 -> 1200 | I53: =$C53*$H$3*'ASTM D638-Probetas'!D$6 -> 6650 | J53: =F53/100*50 -> 8.5 | K53: =J53/1/50*7.62 -> 1.2954 | L53: =J53/10/50*7.62 -> 0.12954 | M53: =J53/100/50*7.62 -> 0.012954 | N53: =J53/5 -> 1.7 | O53: =J53/50 -> 0.17 | P53: =J53/500 -> 0.017 | Q53: =F53*50/100/100 -> 0.085 | R53: =50+J53 -> 58.5 | S53: =R53+$S$4 -> 68.5 | T53: =S53/$T$7 -> 0.0074847028 | U53: =IF(T53<Q53,"SI",IF(Q53=0,"SI",IF(T53>Q53,"NO"))) -> SI | V53: =Q53/T53 -> 11.356496
B54: PA 12 / GF40 - Polvo | C54: 50 | E54: 3600 | F54: 5 | G54: =$C54*$H$3*'ASTM D638-Probetas'!B$6 -> 2600 | H54: =$C54*$H$3*'ASTM D638-Probetas'!C$6 -> 1200 | I54: =$C54*$H$3*'ASTM D638-Probetas'!D$6 -> 6650 | J54: =F54/100*50 -> 2.5 | K54: =J54/1/50*7.62 -> 0.381 | L54: =J54/10/50*7.62 -> 0.0381 | M54: =J54/100/50*7.62 -> 0.00381 | N54: =J54/5 -> 0.5 | O54: =J54/50 -> 0.05 | P54: =J54/500 -> 0.005 | Q54: =F54*50/100/100 -> 0.025 | R54: =50+J54 -> 52.5 | S54: =R54+$S$4 -> 62.5 | T54: =S54/$T$7 -> 0.0068291084 | U54: =IF(T54<Q54,"SI",IF(Q54=0,"SI",IF(T54>Q54,"NO"))) -> SI | V54: =Q54/T54 -> 3.6608
B55: PA66 / GF30 - CNC | C55: 90 | E55: 5000 | F55: 14 | G55: =$C55*$H$3*'ASTM D638-Probetas'!B$6 -> 4680 | H55: =$C55*$H$3*'ASTM D638-Probetas'!C$6 -> 2160 | I55: =$C55*$H$3*'ASTM D638-Probetas'!D$6 -> 11970 | J55: =F55/100*50 -> 7 | K55: =J55/1/50*7.62 -> 1.0668 | L55: =J55/10/50*7.62 -> 0.10668 | M55: =J55/100/50*7.62 -> 0.010668 | N55: =J55/5 -> 1.4 | O55: =J55/50 -> 0.14 | P55: =J55/500 -> 0.014 | Q55: =F55*50/100/100 -> 0.07 | R55: =50+J55 -> 57 | S55: =R55+$S$4 -> 67 | T55: =S55/$T$7 -> 0.0073208042 | U55: =IF(T55<Q55,"SI",IF(Q55=0,"SI",IF(T55>Q55,"NO"))) -> SI | V55: =Q55/T55 -> 9.561791
B56: PC Accura - Resina | C56: 45 | E56: 3900 | F56: 1.5 | G56: =$C56*$H$3*'ASTM D638-Probetas'!B$6 -> 2340 | H56: =$C56*$H$3*'ASTM D638-Probetas'!C$6 -> 1080 | I56: =$C56*$H$3*'ASTM D638-Probetas'!D$6 -> 5985 | J56: =F56/100*50 -> 0.75 | K56: =J56/1/50*7.62 -> 0.1143 | L56: =J56/10/50*7.62 -> 0.01143 | M56: =J56/100/50*7.62 -> 0.001143 | N56: =J56/5 -> 0.15 | O56: =J56/50 -> 0.015 | P56: =J56/500 -> 0.0015 | Q56: =F56*50/100/100 -> 0.0075 | R56: =50+J56 -> 50.75 | S56: =R56+$S$4 -> 60.75 | T56: =S56/$T$7 -> 0.0066378934 | U56: =IF(T56<Q56,"SI",IF(Q56=0,"SI",IF(T56>Q56,"NO"))) -> SI | V56: =Q56/T56 -> 1.1298765
B57: ABS Grey - Resina | C57: 40 | E57: 2000 | F57: 9 | G57: =$C57*$H$3*'ASTM D638-Probetas'!B$6 -> 2080 | H57: =$C57*$H$3*'ASTM D638-Probetas'!C$6 -> 960 | I57: =$C57*$H$3*'ASTM D638-Probetas'!D$6 -> 5320 | J57: =F57/100*50 -> 4.5 | K57: =J57/1/50*7.62 -> 0.6858 | L57: =J57/10/50*7.62 -> 0.06858 | M57: =J57/100/50*7.62 -> 0.006858 | N57: =J57/5 -> 0.9 | O57: =J57/50 -> 0.09 | P57: =J57/500 -> 0.009 | Q57: =F57*50/100/100 -> 0.045 | R57: =50+J57 -> 54.5 | S57: =R57+$S$4 -> 64.5 | T57: =S57/$T$7 -> 0.0070476399 | U57: =IF(T57<Q57,"SI",IF(Q57=0,"SI",IF(T57>Q57,"NO"))) -> SI | V57: =Q57/T57 -> 6.3851163
B58: ABS Trans - Resina | C58: 55 | E58: 2900 | F58: 6 | G58: =$C58*$H$3*'ASTM D638-Probetas'!B$6 -> 2860 | H58: =$C58*$H$3*'ASTM D638-Probetas'!C$6 -> 1320 | I58: =$C58*$H$3*'ASTM D638-Probetas'!D$6 -> 7315 | J58: =F58/100*50 -> 3 | K58: =J58/1/50*7.62 -> 0.4572 | L58: =J58/10/50*7.62 -> 0.04572 | M58: =J58/100/50*7.62 -> 0.004572 | N58: =J58/5 -> 0.6 | O58: =J58/50 -> 0.06 | P58: =J58/500 -> 0.006 | Q58: =F58*50/100/100 -> 0.03 | R58: =50+J58 -> 53 | S58: =R58+$S$4 -> 63 | T58: =S58/$T$7 -> 0.0068837413 | U58: =IF(T58<Q58,"SI",IF(Q58=0,"SI",IF(T58>Q58,"NO"))) -> SI | V58: =Q58/T58 -> 4.3580952
B59: ABS Accura Xtreme - Resina | C59: 55 | E59: 3300 | F59: 9 | G59: =$C59*$H$3*'ASTM D638-Probetas'!B$6 -> 2860 | H59: =$C59*$H$3*'ASTM D638-Probetas'!C$6 -> 1320 | I59: =$C59*$H$3*'ASTM D638-Probetas'!D$6 -> 7315 | J59: =F59/100*50 -> 4.5 | K59: =J59/1/50*7.62 -> 0.6858 | L59: =J59/10/50*7.62 -> 0.06858 | M59: =J59/100/50*7.62 -> 0.006858 | N59: =J59/5 -> 0.9 | O59: =J59/50 -> 0.09 | P59: =J59/500 -> 0.009 | Q59: =F59*50/100/100 -> 0.045 | R59: =50+J59 -> 54.5 | S59: =R59+$S$4 -> 64.5 | T59: =S59/$T$7 -> 0.0070476399 | U59: =IF(T59<Q59,"SI",IF(Q59=0,"SI",IF(T59>Q59,"NO"))) -> SI | V59: =Q59/T59 -> 6.3851163
B60: ABS Accura 7820 - Resina | C60: 55 | E60: 3000 | F60: 5 | G60: =$C60*$H$3*'ASTM D638-Probetas'!B$6 -> 2860 | H60: =$C60*$H$3*'ASTM D638-Probetas'!C$6 -> 1320 | I60: =$C60*$H$3*'ASTM D638-Probetas'!D$6 -> 7315 | J60: =F60/100*50 -> 2.5 | K60: =J60/1/50*7.62 -> 0.381 | L60: =J60/10/50*7.62 -> 0.0381 | M60: =J60/100/50*7.62 -> 0.00381 | N60: =J60/5 -> 0.5 | O60: =J60/50 -> 0.05 | P60: =J60/500 -> 0.005 | Q60: =F60*50/100/100 -> 0.025 | R60: =50+J60 -> 52.5 | S60: =R60+$S$4 -> 62.5 | T60: =S60/$T$7 -> 0.0068291084 | U60: =IF(T60<Q60,"SI",IF(Q60=0,"SI",IF(T60>Q60,"NO"))) -> SI | V60: =Q60/T60 -> 3.6608
B61: Ceramic - Resina | C61: 70 | E61: 10000 | F61: 1 | G61: =$C61*$H$3*'ASTM D638-Probetas'!B$6 -> 3640 | H61: =$C61*$H$3*'ASTM D638-Probetas'!C$6 -> 1680 | I61: =$C61*$H$3*'ASTM D638-Probetas'!D$6 -> 9310 | J61: =F61/100*50 -> 0.5 | K61: =J61/1/50*7.62 -> 0.0762 | L61: =J61/10/50*7.62 -> 0.00762 | M61: =J61/100/50*7.62 -> 0.000762 | N61: =J61/5 -> 0.1 | O61: =J61/50 -> 0.01 | P61: =J61/500 -> 0.001 | Q61: =F61*50/100/100 -> 0.005 | R61: =50+J61 -> 50.5 | S61: =R61+$S$4 -> 60.5 | T61: =S61/$T$7 -> 0.0066105769 | U61: =IF(T61<Q61,"SI",IF(Q61=0,"SI",IF(T61>Q61,"NO"))) -> NO | V61: =Q61/T61 -> 0.75636364
... B65: PTFE / FR & UV - CNC | C65: 25 | E65: 700 | F65: 230 | G65: =$C65*$H$3*'ASTM D638-Probetas'!B$6 -> 1300 | H65: =$C65*$H$3*'ASTM D638-Probetas'!C$6 -> 600 | I65: =$C65*$H$3*'ASTM D638-Probetas'!D$6 -> 3325 | J65: =F65/100*50 -> 115 | K65: =J65/1/50*7.62 -> 17.526 | L65: =J65/10/50*7.62 -> 1.7526 | M65: =J65/100/50*7.62 -> 0.17526 | N65: =J65/5 -> 23 | O65: =J65/50 -> 2.3 | P65: =J65/500 -> 0.23 | Q65: =F65*50/100/100 -> 1.15 | R65: =50+J65 -> 165 | S65: =R65+$S$4 -> 175 | T65: =S65/$T$7 -> 0.019121503 | U65: =IF(T65<Q65,"SI",IF(Q65=0,"SI",IF(T65>Q65,"NO"))) -> SI | V65: =Q65/T65 -> 60.141714
A66: Siraya Tech | B66: Fibreheart PPA-CF | C66: 99 | E66: 8150 | F66: 1.5 | G66: =$C66*$H$3*'ASTM D638-Probetas'!B$6 -> 5148 | H66: =$C66*$H$3*'ASTM D638-Probetas'!C$6 -> 2376 | I66: =$C66*$H$3*'ASTM D638-Probetas'!D$6 -> 13167 | J66: =F66/100*50 -> 0.75 | K66: =J66/1/50*7.62 -> 0.1143 | L66: =J66/10/50*7.62 -> 0.01143 | M66: =J66/100/50*7.62 -> 0.001143 | N66: =J66/5 -> 0.15 | O66: =J66/50 -> 0.015 | P66: =J66/500 -> 0.0015 | Q66: =F66*50/100/100 -> 0.0075 | R66: =50+J66 -> 50.75 | S66: =R66+$S$4 -> 60.75 | T66: =S66/$T$7 -> 0.0066378934 | U66: =IF(T66<Q66,"SI",IF(Q66=0,"SI",IF(T66>Q66,"NO"))) -> SI | V66: =Q66/T66 -> 1.1298765
B67: ABS-Like - Resina | C67: 30 | E67: 1050 | F67: 6 | G67: =$C67*$H$3*'ASTM D638-Probetas'!B$6 -> 1560 | H67: =$C67*$H$3*'ASTM D638-Probetas'!C$6 -> 720 | I67: =$C67*$H$3*'ASTM D638-Probetas'!D$6 -> 3990 | J67: =F67/100*50 -> 3 | K67: =J67/1/50*7.62 -> 0.4572 | L67: =J67/10/50*7.62 -> 0.04572 | M67: =J67/100/50*7.62 -> 0.004572 | N67: =J67/5 -> 0.6 | O67: =J67/50 -> 0.06 | P67: =J67/500 -> 0.006 | Q67: =F67*50/100/100 -> 0.03 | R67: =50+J67 -> 53 | S67: =R67+$S$4 -> 63 | T67: =S67/$T$7 -> 0.0068837413 | U67: =IF(T67<Q67,"SI",IF(Q67=0,"SI",IF(T67>Q67,"NO"))) -> SI | V67: =Q67/T67 -> 4.3580952
B68: Blu Tough | C68: 31 | E68: 1000 | F68: 43 | G68: =$C68*$H$3*'ASTM D638-Probetas'!B$6 -> 1612 | H68: =$C68*$H$3*'ASTM D638-Probetas'!C$6 -> 744 | I68: =$C68*$H$3*'ASTM D638-Probetas'!D$6 -> 4123 | J68: =F68/100*50 -> 21.5 | K68: =J68/1/50*7.62 -> 3.2766 | L68: =J68/10/50*7.62 -> 0.32766 | M68: =J68/100/50*7.62 -> 0.032766 | N68: =J68/5 -> 4.3 | O68: =J68/50 -> 0.43 | P68: =J68/500 -> 0.043 | Q68: =F68*50/100/100 -> 0.215 | R68: =50+J68 -> 71.5 | S68: =R68+$S$4 -> 81.5 | T68: =S68/$T$7 -> 0.0089051573 | U68: =IF(T68<Q68,"SI",IF(Q68=0,"SI",IF(T68>Q68,"NO"))) -> SI | V68: =Q68/T68 -> 24.143313
A69: Ultimaker | B69: ABS | C69: 39 | E69: 1618.5 | F69: 4.8 | G69: =$C69*$H$3*'ASTM D638-Probetas'!B$6 -> 2028 | H69: =$C69*$H$3*'ASTM D638-Probetas'!C$6 -> 936 | I69: =$C69*$H$3*'ASTM D638-Probetas'!D$6 -> 5187 | J69: =F69/100*50 -> 2.4 | K69: =J69/1/50*7.62 -> 0.36576 | L69: =J69/10/50*7.62 -> 0.036576 | M69: =J69/100/50*7.62 -> 0.0036576 | N69: =J69/5 -> 0.48 | O69: =J69/50 -> 0.048 | P69: =J69/500 -> 0.0048 | Q69: =F69*50/100/100 -> 0.024 | R69: =50+J69 -> 52.4 | S69: =R69+$S$4 -> 62.4 | T69: =S69/$T$7 -> 0.0068181818 | U69: =IF(T69<Q69,"SI",IF(Q69=0,"SI",IF(T69>Q69,"NO"))) -> SI | V69: =Q69/T69 -> 3.52
B70: CPE+ | C70: 35.2 | E70: 1128.5 | F70: 6.6 | G70: =$C70*$H$3*'ASTM D638-Probetas'!B$6 -> 1830.4 | H70: =$C70*$H$3*'ASTM D638-Probetas'!C$6 -> 844.8 | I70: =$C70*$H$3*'ASTM D638-Probetas'!D$6 -> 4681.6 | J70: =F70/100*50 -> 3.3 | K70: =J70/1/50*7.62 -> 0.50292 | L70: =J70/10/50*7.62 -> 0.050292 | M70: =J70/100/50*7.62 -> 0.0050292 | N70: =J70/5 -> 0.66 | O70: =J70/50 -> 0.066 | P70: =J70/500 -> 0.0066 | Q70: =F70*50/100/100 -> 0.033 | R70: =50+J70 -> 53.3 | S70: =R70+$S$4 -> 63.3 | T70: =S70/$T$7 -> 0.006916521 | U70: =IF(T70<Q70,"SI",IF(Q70=0,"SI",IF(T70>Q70,"NO"))) -> SI | V70: =Q70/T70 -> 4.7711848
B71: Nylon | C71: 34.4 | E71: 579 | F71: 210 | G71: =$C71*$H$3*'ASTM D638-Probetas'!B$6 -> 1788.8 | H71: =$C71*$H$3*'ASTM D638-Probetas'!C$6 -> 825.6 | I71: =$C71*$H$3*'ASTM D638-Probetas'!D$6 -> 4575.2 | J71: =F71/100*50 -> 105 | K71: =J71/1/50*7.62 -> 16.002 | L71: =J71/10/50*7.62 -> 1.6002 | M71: =J71/100/50*7.62 -> 0.16002 | N71: =J71/5 -> 21 | O71: =J71/50 -> 2.1 | P71: =J71/500 -> 0.21 | Q71: =F71*50/100/100 -> 1.05 | R71: =50+J71 -> 155 | S71: =R71+$S$4 -> 165 | T71: =S71/$T$7 -> 0.018028846 | U71: =IF(T71<Q71,"SI",IF(Q71=0,"SI",IF(T71>Q71,"NO"))) -> SI | V71: =Q71/T71 -> 58.24
B72: PC | C72: 76.4 | E72: 2134 | F72: 6.4 | G72: =$C72*$H$3*'ASTM D638-Probetas'!B$6 -> 3972.8 | H72: =$C72*$H$3*'ASTM D638-Probetas'!C$6 -> 1833.6 | I72: =$C72*$H$3*'ASTM D638-Probetas'!D$6 -> 10161.2 | J72: =F72/100*50 -> 3.2 | K72: =J72/1/50*7.62 -> 0.48768 | L72: =J72/10/50*7.62 -> 0.048768 | M72: =J72/100/50*7.62 -> 0.0048768 | N72: =J72/5 -> 0.64 | O72: =J72/50 -> 0.064 | P72: =J72/500 -> 0.0064 | Q72: =F72*50/100/100 -> 0.032 | R72: =50+J72 -> 53.2 | S72: =R72+$S$4 -> 63.2 | T72: =S72/$T$7 -> 0.0069055944 | U72: =IF(T72<Q72,"SI",IF(Q72=0,"SI",IF(T72>Q72,"NO"))) -> SI | V72: =Q72/T72 -> 4.6339241
B73: Tough PLA | C73: 37 | E73: 1820 | F73: 3.1 | G73: =$C73*$H$3*'ASTM D638-Probetas'!B$6 -> 1924 | H73: =$C73*$H$3*'ASTM D638-Probetas'!C$6 -> 888 | I73: =$C73*$H$3*'ASTM D638-Probetas'!D$6 -> 4921 | J73: =F73/100*50 -> 1.55 | K73: =J73/1/50*7.62 -> 0.23622 | L73: =J73/10/50*7.62 -> 0.023622 | M73: =J73/100/50*7.62 -> 0.0023622 | N73: =J73/5 -> 0.31 | O73: =J73/50 -> 0.031 | P73: =J73/500 -> 0.0031 | Q73: =F73*50/100/100 -> 0.0155 | R73: =50+J73 -> 51.55 | S73: =R73+$S$4 -> 61.55 | T73: =S73/$T$7 -> 0.0067253059 | U73: =IF(T73<Q73,"SI",IF(Q73=0,"SI",IF(T73>Q73,"NO"))) -> SI | V73: =Q73/T73 -> 2.3047279
A74: Bambu Lab | B74: ABS-GF | C74: 36 | D74: 1B | E74: 3160 | F74: 6.3 | G74: =$C74*$H$3*'ASTM D638-Probetas'!B$6 -> 1872 | H74: =$C74*$H$3*'ASTM D638-Probetas'!C$6 -> 864 | I74: =$C74*$H$3*'ASTM D638-Probetas'!D$6 -> 4788 | J74: =F74/100*50 -> 3.15 | K74: =J74/1/50*7.62 -> 0.48006 | L74: =J74/10/50*7.62 -> 0.048006 | M74: =J74/100/50*7.62 -> 0.0048006 | N74: =J74/5 -> 0.63 | O74: =J74/50 -> 0.063 | P74: =J74/500 -> 0.0063 | Q74: =F74*50/100/100 -> 0.0315 | R74: =50+J74 -> 53.15 | S74: =R74+$S$4 -> 63.15 | T74: =S74/$T$7 -> 0.0069001311 | U74: =IF(T74<Q74,"SI",IF(Q74=0,"SI",IF(T74>Q74,"NO"))) -> SI | V74: =Q74/T74 -> 4.5651306
B75: PA6-CF | C75: 102 | D75: 1B | E75: 4430 | F75: 5.8 | G75: =$C75*$H$3*'ASTM D638-Probetas'!B$6 -> 5304 | H75: =$C75*$H$3*'ASTM D638-Probetas'!C$6 -> 2448 | I75: =$C75*$H$3*'ASTM D638-Probetas'!D$6 -> 13566 | J75: =F75/100*50 -> 2.9 | K75: =J75/1/50*7.62 -> 0.44196 | L75: =J75/10/50*7.62 -> 0.044196 | M75: =J75/100/50*7.62 -> 0.0044196 | N75: =J75/5 -> 0.58 | O75: =J75/50 -> 0.058 | P75: =J75/500 -> 0.0058 | Q75: =F75*50/100/100 -> 0.029 | R75: =50+J75 -> 52.9 | S75: =R75+$S$4 -> 62.9 | T75: =S75/$T$7 -> 0.0068728147 | U75: =IF(T75<Q75,"SI",IF(Q75=0,"SI",IF(T75>Q75,"NO"))) -> SI | V75: =Q75/T75 -> 4.2195231
B76: PA6-GF | C76: 75 | D76: 1B | E76: 2850 | F76: 3.9 | G76: =$C76*$H$3*'ASTM D638-Probetas'!B$6 -> 3900 | H76: =$C76*$H$3*'ASTM D638-Probetas'!C$6 -> 1800 | I76: =$C76*$H$3*'ASTM D638-Probetas'!D$6 -> 9975 | J76: =F76/100*50 -> 1.95 | K76: =J76/1/50*7.62 -> 0.29718 | L76: =J76/10/50*7.62 -> 0.029718 | M76: =J76/100/50*7.62 -> 0.0029718 | N76: =J76/5 -> 0.39 | O76: =J76/50 -> 0.039 | P76: =J76/500 -> 0.0039 | Q76: =F76*50/100/100 -> 0.0195 | R76: =50+J76 -> 51.95 | S76: =R76+$S$4 -> 61.95 | T76: =S76/$T$7 -> 0.0067690122 | U76: =IF(T76<Q76,"SI",IF(Q76=0,"SI",IF(T76>Q76,"NO"))) -> SI | V76: =Q76/T76 -> 2.8807748
B77: PAHT-CF | C77: 92 | D77: 1B | E77: 3860 | F77: 8.4 | G77: =$C77*$H$3*'ASTM D638-Probetas'!B$6 -> 4784 | H77: =$C77*$H$3*'ASTM D638-Probetas'!C$6 -> 2208 | I77: =$C77*$H$3*'ASTM D638-Probetas'!D$6 -> 12236 | J77: =F77/100*50 -> 4.2 | K77: =J77/1/50*7.62 -> 0.64008 | L77: =J77/10/50*7.62 -> 0.064008 | M77: =J77/100/50*7.62 -> 0.0064008 | N77: =J77/5 -> 0.84 | O77: =J77/50 -> 0.084 | P77: =J77/500 -> 0.0084 | Q77: =F77*50/100/100 -> 0.042 | R77: =50+J77 -> 54.2 | S77: =R77+$S$4 -> 64.2 | T77: =S77/$T$7 -> 0.0070148601 | U77: =IF(T77<Q77,"SI",IF(Q77=0,"SI",IF(T77>Q77,"NO"))) -> SI | V77: =Q77/T77 -> 5.9872897
B78: PET-CF | C78: 74 | D78: 1B | E78: 4730 | F78: 4.5 | G78: =$C78*$H$3*'ASTM D638-Probetas'!B$6 -> 3848 | H78: =$C78*$H$3*'ASTM D638-Probetas'!C$6 -> 1776 | I78: =$C78*$H$3*'ASTM D638-Probetas'!D$6 -> 9842 | J78: =F78/100*50 -> 2.25 | K78: =J78/1/50*7.62 -> 0.3429 | L78: =J78/10/50*7.62 -> 0.03429 | M78: =J78/100/50*7.62 -> 0.003429 | N78: =J78/5 -> 0.45 | O78: =J78/50 -> 0.045 | P78: =J78/500 -> 0.0045 | Q78: =F78*50/100/100 -> 0.0225 | R78: =50+J78 -> 52.25 | S78: =R78+$S$4 -> 62.25 | T78: =S78/$T$7 -> 0.006801792 | U78: =IF(T78<Q78,"SI",IF(Q78=0,"SI",IF(T78>Q78,"NO"))) -> SI | V78: =Q78/T78 -> 3.3079518
B79: PPS-CF | C79: 87 | D79: 1B | E79: 8230 | F79: 1.2 | G79: =$C79*$H$3*'ASTM D638-Probetas'!B$6 -> 4524 | H79: =$C79*$H$3*'ASTM D638-Probetas'!C$6 -> 2088 | I79: =$C79*$H$3*'ASTM D638-Probetas'!D$6 -> 11571 | J79: =F79/100*50 -> 0.6 | K79: =J79/1/50*7.62 -> 0.09144 | L79: =J79/10/50*7.62 -> 0.009144 | M79: =J79/100/50*7.62 -> 0.0009144 | N79: =J79/5 -> 0.12 | O79: =J79/50 -> 0.012 | P79: =J79/500 -> 0.0012 | Q79: =F79*50/100/100 -> 0.006 | R79: =50+J79 -> 50.6 | S79: =R79+$S$4 -> 60.6 | T79: =S79/$T$7 -> 0.0066215035 | U79: =IF(T79<Q79,"SI",IF(Q79=0,"SI",IF(T79>Q79,"NO"))) -> NO | V79: =Q79/T79 -> 0.90613861
B80: ASA-CF | C80: 34 | D80: 1B | E80: 4200 | F80: 9.6 | G80: =$C80*$H$3*'ASTM D638-Probetas'!B$6 -> 1768 | H80: =$C80*$H$3*'ASTM D638-Probetas'!C$6 -> 816 | I80: =$C80*$H$3*'ASTM D638-Probetas'!D$6 -> 4522 | J80: =F80/100*50 -> 4.8 | K80: =J80/1/50*7.62 -> 0.73152 | L80: =J80/10/50*7.62 -> 0.073152 | M80: =J80/100/50*7.62 -> 0.0073152 | N80: =J80/5 -> 0.96 | O80: =J80/50 -> 0.096 | P80: =J80/500 -> 0.0096 | Q80: =F80*50/100/100 -> 0.048 | R80: =50+J80 -> 54.8 | S80: =R80+$S$4 -> 64.8 | T80: =S80/$T$7 -> 0.0070804196 | U80: =IF(T80<Q80,"SI",IF(Q80=0,"SI",IF(T80>Q80,"NO"))) -> SI | V80: =Q80/T80 -> 6.7792593
B81: PPA-CF | C81: 168 | D81: 1B | E81: 11800 | F81: 3.2 | G81: =$C81*$H$3*'ASTM D638-Probetas'!B$6 -> 8736 | H81: =$C81*$H$3*'ASTM D638-Probetas'!C$6 -> 4032 | I81: =$C81*$H$3*'ASTM D638-Probetas'!D$6 -> 22344 | J81: =F81/100*50 -> 1.6 | K81: =J81/1/50*7.62 -> 0.24384 | L81: =J81/10/50*7.62 -> 0.024384 | M81: =J81/100/50*7.62 -> 0.0024384 | N81: =J81/5 -> 0.32 | O81: =J81/50 -> 0.032 | P81: =J81/500 -> 0.0032 | Q81: =F81*50/100/100 -> 0.016 | R81: =50+J81 -> 51.6 | S81: =R81+$S$4 -> 61.6 | T81: =S81/$T$7 -> 0.0067307692 | U81: =IF(T81<Q81,"SI",IF(Q81=0,"SI",IF(T81>Q81,"NO"))) -> SI | V81: =Q81/T81 -> 2.3771429
B82: PC FR | C82: 60 | D82: 1B | E82: 1670 | F82: 2.4 | G82: =$C82*$H$3*'ASTM D638-Probetas'!B$6 -> 3120 | H82: =$C82*$H$3*'ASTM D638-Probetas'!C$6 -> 1440 | I82: =$C82*$H$3*'ASTM D638-Probetas'!D$6 -> 7980 | J82: =F82/100*50 -> 1.2 | K82: =J82/1/50*7.62 -> 0.18288 | L82: =J82/10/50*7.62 -> 0.018288 | M82: =J82/100/50*7.62 -> 0.0018288 | N82: =J82/5 -> 0.24 | O82: =J82/50 -> 0.024 | P82: =J82/500 -> 0.0024 | Q82: =F82*50/100/100 -> 0.012 | R82: =50+J82 -> 51.2 | S82: =R82+$S$4 -> 61.2 | T82: =S82/$T$7 -> 0.0066870629 | U82: =IF(T82<Q82,"SI",IF(Q82=0,"SI",IF(T82>Q82,"NO"))) -> SI | V82: =Q82/T82 -> 1.7945098
B83: PC | C83: 62 | D83: 1B | E83: 2110 | F83: 3.8 | G83: =$C83*$H$3*'ASTM D638-Probetas'!B$6 -> 3224 | H83: =$C83*$H$3*'ASTM D638-Probetas'!C$6 -> 1488 | I83: =$C83*$H$3*'ASTM D638-Probetas'!D$6 -> 8246 | J83: =F83/100*50 -> 1.9 | K83: =J83/1/50*7.62 -> 0.28956 | L83: =J83/10/50*7.62 -> 0.028956 | M83: =J83/100/50*7.62 -> 0.0028956 | N83: =J83/5 -> 0.38 | O83: =J83/50 -> 0.038 | P83: =J83/500 -> 0.0038 | Q83: =F83*50/100/100 -> 0.019 | R83: =50+J83 -> 51.9 | S83: =R83+$S$4 -> 61.9 | T83: =S83/$T$7 -> 0.006763549 | U83: =IF(T83<Q83,"SI",IF(Q83=0,"SI",IF(T83>Q83,"NO"))) -> SI | V83: =Q83/T83 -> 2.8091761
B84: PETG HF | C84: 34 | D84: 1B | E84: 1810 | F84: 8.6 | G84: =$C84*$H$3*'ASTM D638-Probetas'!B$6 -> 1768 | H84: =$C84*$H$3*'ASTM D638-Probetas'!C$6 -> 816 | I84: =$C84*$H$3*'ASTM D638-Probetas'!D$6 -> 4522 | J84: =F84/100*50 -> 4.3 | K84: =J84/1/50*7.62 -> 0.65532 | L84: =J84/10/50*7.62 -> 0.065532 | M84: =J84/100/50*7.62 -> 0.0065532 | N84: =J84/5 -> 0.86 | O84: =J84/50 -> 0.086 | P84: =J84/500 -> 0.0086 | Q84: =F84*50/100/100 -> 0.043 | R84: =50+J84 -> 54.3 | S84: =R84+$S$4 -> 64.3 | T84: =S84/$T$7 -> 0.0070257867 | U84: =IF(T84<Q84,"SI",IF(Q84=0,"SI",IF(T84>Q84,"NO"))) -> SI | V84: =Q84/T84 -> 6.120311
B85: PLA Basic | C85: 35 | D85: 1B | E85: 2580 | F85: 12.2 | G85: =$C85*$H$3*'ASTM D638-Probetas'!B$6 -> 1820 | H85: =$C85*$H$3*'ASTM D638-Probetas'!C$6 -> 840 | I85: =$C85*$H$3*'ASTM D638-Probetas'!D$6 -> 4655 | J85: =F85/100*50 -> 6.1 | K85: =J85/1/50*7.62 -> 0.92964 | L85: =J85/10/50*7.62 -> 0.092964 | M85: =J85/100/50*7.62 -> 0.0092964 | N85: =J85/5 -> 1.22 | O85: =J85/50 -> 0.122 | P85: =J85/500 -> 0.0122 | Q85: =F85*50/100/100 -> 0.061 | R85: =50+J85 -> 56.1 | S85: =R85+$S$4 -> 66.1 | T85: =S85/$T$7 -> 0.007222465 | U85: =IF(T85<Q85,"SI",IF(Q85=0,"SI",IF(T85>Q85,"NO"))) -> SI | V85: =Q85/T85 -> 8.4458699
B86: PLA-CF | C86: 38 | D86: 1B | E86: 2790 | F86: 8.4 | G86: =$C86*$H$3*'ASTM D638-Probetas'!B$6 -> 1976 | H86: =$C86*$H$3*'ASTM D638-Probetas'!C$6 -> 912 | I86: =$C86*$H$3*'ASTM D638-Probetas'!D$6 -> 5054 | J86: =F86/100*50 -> 4.2 | K86: =J86/1/50*7.62 -> 0.64008 | L86: =J86/10/50*7.62 -> 0.064008 | M86: =J86/100/50*7.62 -> 0.0064008 | N86: =J86/5 -> 0.84 | O86: =J86/50 -> 0.084 | P86: =J86/500 -> 0.0084 | Q86: =F86*50/100/100 -> 0.042 | R86: =50+J86 -> 54.2 | S86: =R86+$S$4 -> 64.2 | T86: =S86/$T$7 -> 0.0070148601 | U86: =IF(T86<Q86,"SI",IF(Q86=0,"SI",IF(T86>Q86,"NO"))) -> SI | V86: =Q86/T86 -> 5.9872897
A87: Kodak | B87: PLA+ | C87: 51 | F87: 3.31 | G87: =$C87*$H$3*'ASTM D638-Probetas'!B$6 -> 2652 | H87: =$C87*$H$3*'ASTM D638-Probetas'!C$6 -> 1224 | I87: =$C87*$H$3*'ASTM D638-Probetas'!D$6 -> 6783 | J87: =F87/100*50 -> 1.655 | K87: =J87/1/50*7.62 -> 0.252222 | L87: =J87/10/50*7.62 -> 0.0252222 | M87: =J87/100/50*7.62 -> 0.00252222 | N87: =J87/5 -> 0.331 | O87: =J87/50 -> 0.0331 | P87: =J87/500 -> 0.00331 | Q87: =F87*50/100/100 -> 0.01655 | R87: =50+J87 -> 51.655 | S87: =R87+$S$4 -> 61.655 | T87: =S87/$T$7 -> 0.0067367788 | U87: =IF(T87<Q87,"SI",IF(Q87=0,"SI",IF(T87>Q87,"NO"))) -> SI | V87: =Q87/T87 -> 2.4566637
B88: PLA Tough | C88: 40 | F88: 6.6 | G88: =$C88*$H$3*'ASTM D638-Probetas'!B$6 -> 2080 | H88: =$C88*$H$3*'ASTM D638-Probetas'!C$6 -> 960 | I88: =$C88*$H$3*'ASTM D638-Probetas'!D$6 -> 5320 | J88: =F88/100*50 -> 3.3 | K88: =J88/1/50*7.62 -> 0.50292 | L88: =J88/10/50*7.62 -> 0.050292 | M88: =J88/100/50*7.62 -> 0.0050292 | N88: =J88/5 -> 0.66 | O88: =J88/50 -> 0.066 | P88: =J88/500 -> 0.0066 | Q88: =F88*50/100/100 -> 0.033 | R88: =50+J88 -> 53.3 | S88: =R88+$S$4 -> 63.3 | T88: =S88/$T$7 -> 0.006916521 | U88: =IF(T88<Q88,"SI",IF(Q88=0,"SI",IF(T88>Q88,"NO"))) -> SI | V88: =Q88/T88 -> 4.7711848
A89: Loctite | B89: 3D 3843 - Resina | C89: 51 | D89: Tipo IV | E89: 1806 | F89: 43 | G89: =$C89*$H$3*'ASTM D638-Probetas'!B$6 -> 2652 | H89: =$C89*$H$3*'ASTM D638-Probetas'!C$6 -> 1224 | I89: =$C89*$H$3*'ASTM D638-Probetas'!D$6 -> 6783 | J89: =F89/100*50 -> 21.5 | K89: =J89/1/50*7.62 -> 3.2766 | L89: =J89/10/50*7.62 -> 0.32766 | M89: =J89/100/50*7.62 -> 0.032766 | N89: =J89/5 -> 4.3 | O89: =J89/50 -> 0.43 | P89: =J89/500 -> 0.043 | Q89: =F89*50/100/100 -> 0.215 | R89: =50+J89 -> 71.5 | S89: =R89+$S$4 -> 81.5 | T89: =S89/$T$7 -> 0.0089051573 | U89: =IF(T89<Q89,"SI",IF(Q89=0,"SI",IF(T89>Q89,"NO"))) -> SI | V89: =Q89/T89 -> 24.143313
B90: 3D IND403 - Resina | C90: 67 | D90: Tipo IV | E90: 2572 | F90: 10 | G90: =$C90*$H$3*'ASTM D638-Probetas'!B$6 -> 3484 | H90: =$C90*$H$3*'ASTM D638-Probetas'!C$6 -> 1608 | I90: =$C90*$H$3*'ASTM D638-Probetas'!D$6 -> 8911 | J90: =F90/100*50 -> 5 | K90: =J90/1/50*7.62 -> 0.762 | L90: =J90/10/50*7.62 -> 0.0762 | M90: =J90/100/50*7.62 -> 0.00762 | N90: =J90/5 -> 1 | O90: =J90/50 -> 0.1 | P90: =J90/500 -> 0.01 | Q90: =F90*50/100/100 -> 0.05 | R90: =50+J90 -> 55 | S90: =R90+$S$4 -> 65 | T90: =S90/$T$7 -> 0.0071022727 | U90: =IF(T90<Q90,"SI",IF(Q90=0,"SI",IF(T90>Q90,"NO"))) -> SI | V90: =Q90/T90 -> 7.04
B91: 3D IND405 - Resina | C91: 45 | D91: Tipo IV | E91: 1434 | F91: 101 | G91: =$C91*$H$3*'ASTM D638-Probetas'!B$6 -> 2340 | H91: =$C91*$H$3*'ASTM D638-Probetas'!C$6 -> 1080 | I91: =$C91*$H$3*'ASTM D638-Probetas'!D$6 -> 5985 | J91: =F91/100*50 -> 50.5 | K91: =J91/1/50*7.62 -> 7.6962 | L91: =J91/10/50*7.62 -> 0.76962 | M91: =J91/100/50*7.62 -> 0.076962 | N91: =J91/5 -> 10.1 | O91: =J91/50 -> 1.01 | P91: =J91/500 -> 0.101 | Q91: =F91*50/100/100 -> 0.505 | R91: =50+J91 -> 100.5 | S91: =R91+$S$4 -> 110.5 | T91: =S91/$T$7 -> 0.012073864 | U91: =IF(T91<Q91,"SI",IF(Q91=0,"SI",IF(T91>Q91,"NO"))) -> SI | V91: =Q91/T91 -> 41.825882
B92: 3D IND406 - Resina | C92: 55 | D92: Tipo IV | E92: 1610 | F92: 25 | G92: =$C92*$H$3*'ASTM D638-Probetas'!B$6 -> 2860 | H92: =$C92*$H$3*'ASTM D638-Probetas'!C$6 -> 1320 | I92: =$C92*$H$3*'ASTM D638-Probetas'!D$6 -> 7315 | J92: =F92/100*50 -> 12.5 | K92: =J92/1/50*7.62 -> 1.905 | L92: =J92/10/50*7.62 -> 0.1905 | M92: =J92/100/50*7.62 -> 0.01905 | N92: =J92/5 -> 2.5 | O92: =J92/50 -> 0.25 | P92: =J92/500 -> 0.025 | Q92: =F92*50/100/100 -> 0.125 | R92: =50+J92 -> 62.5 | S92: =R92+$S$4 -> 72.5 | T92: =S92/$T$7 -> 0.0079217657 | U92: =IF(T92<Q92,"SI",IF(Q92=0,"SI",IF(T92>Q92,"NO"))) -> SI | V92: =Q92/T92 -> 15.77931
B93: 3D PRO410 - Resina | C93: 48 | D93: Tipo IV | E93: 1937 | F93: 5 | G93: =$C93*$H$3*'ASTM D638-Probetas'!B$6 -> 2496 | H93: =$C93*$H$3*'ASTM D638-Probetas'!C$6 -> 1152 | I93: =$C93*$H$3*'ASTM D638-Probetas'!D$6 -> 6384 | J93: =F93/100*50 -> 2.5 | K93: =J93/1/50*7.62 -> 0.381 | L93: =J93/10/50*7.62 -> 0.0381 | M93: =J93/100/50*7.62 -> 0.00381 | N93: =J93/5 -> 0.5 | O93: =J93/50 -> 0.05 | P93: =J93/500 -> 0.005 | Q93: =F93*50/100/100 -> 0.025 | R93: =50+J93 -> 52.5 | S93: =R93+$S$4 -> 62.5 | T93: =S93/$T$7 -> 0.0068291084 | U93: =IF(T93<Q93,"SI",IF(Q93=0,"SI",IF(T93>Q93,"NO"))) -> SI | V93: =Q93/T93 -> 3.6608
B94: 3D PRO3860 - Resina | C94: 39 | D94: Tipo IV | E94: 3500 | F94: 2 | G94: =$C94*$H$3*'ASTM D638-Probetas'!B$6 -> 2028 | H94: =$C94*$H$3*'ASTM D638-Probetas'!C$6 -> 936 | I94: =$C94*$H$3*'ASTM D638-Probetas'!D$6 -> 5187 | J94: =F94/100*50 -> 1 | K94: =J94/1/50*7.62 -> 0.1524 | L94: =J94/10/50*7.62 -> 0.01524 | M94: =J94/100/50*7.62 -> 0.001524 | N94: =J94/5 -> 0.2 | O94: =J94/50 -> 0.02 | P94: =J94/500 -> 0.002 | Q94: =F94*50/100/100 -> 0.01 | R94: =50+J94 -> 51 | S94: =R94+$S$4 -> 61 | T94: =S94/$T$7 -> 0.0066652098 | U94: =IF(T94<Q94,"SI",IF(Q94=0,"SI",IF(T94>Q94,"NO"))) -> SI | V94: =Q94/T94 -> 1.5003279
B95: 3D PRO3395 - Resina | C95: 66 | D95: Tipo IV | E95: 3556 | F95: 2.1 | G95: =$C95*$H$3*'ASTM D638-Probetas'!B$6 -> 3432 | H95: =$C95*$H$3*'ASTM D638-Probetas'!C$6 -> 1584 | I95: =$C95*$H$3*'ASTM D638-Probetas'!D$6 -> 8778 | J95: =F95/100*50 -> 1.05 | K95: =J95/1/50*7.62 -> 0.16002 | L95: =J95/10/50*7.62 -> 0.016002 | M95: =J95/100/50*7.62 -> 0.0016002 | N95: =J95/5 -> 0.21 | O95: =J95/50 -> 0.021 | P95: =J95/500 -> 0.0021 | Q95: =F95*50/100/100 -> 0.0105 | R95: =50+J95 -> 51.05 | S95: =R95+$S$4 -> 61.05 | T95: =S95/$T$7 -> 0.0066706731 | U95: =IF(T95<Q95,"SI",IF(Q95=0,"SI",IF(T95>Q95,"NO"))) -> SI | V95: =Q95/T95 -> 1.5740541
B96: 3D IND147 - Resina | C96: 67 | D96: Tipo IV | E96: 3190 | F96: 2.4 | G96: =$C96*$H$3*'ASTM D638-Probetas'!B$6 -> 3484 | H96: =$C96*$H$3*'ASTM D638-Probetas'!C$6 -> 1608 | I96: =$C96*$H$3*'ASTM D638-Probetas'!D$6 -> 8911 | J96: =F96/100*50 -> 1.2 | K96: =J96/1/50*7.62 -> 0.18288 | L96: =J96/10/50*7.62 -> 0.018288 | M96: =J96/100/50*7.62 -> 0.0018288 | N96: =J96/5 -> 0.24 | O96: =J96/50 -> 0.024 | P96: =J96/500 -> 0.0024 | Q96: =F96*50/100/100 -> 0.012 | R96: =50+J96 -> 51.2 | S96: =R96+$S$4 -> 61.2 | T96: =S96/$T$7 -> 0.0066870629 | U96: =IF(T96<Q96,"SI",IF(Q96=0,"SI",IF(T96>Q96,"NO"))) -> SI | V96: =Q96/T96 -> 1.7945098
B97: 3D PRO3172 - Resina | C97: 39 | D97: Tipo IV | E97: 1494 | F97: 105 | G97: =$C97*$H$3*'ASTM D638-Probetas'!B$6 -> 2028 | H97: =$C97*$H$3*'ASTM D638-Probetas'!C$6 -> 936 | I97: =$C97*$H$3*'ASTM D638-Probetas'!D$6 -> 5187 | J97: =F97/100*50 -> 52.5 | K97: =J97/1/50*7.62 -> 8.001 | L97: =J97/10/50*7.62 -> 0.8001 | M97: =J97/100/50*7.62 -> 0.08001 | N97: =J97/5 -> 10.5 | O97: =J97/50 -> 1.05 | P97: =J97/500 -> 0.105 | Q97: =F97*50/100/100 -> 0.525 | R97: =50+J97 -> 102.5 | S97: =R97+$S$4 -> 112.5 | T97: =S97/$T$7 -> 0.012292395 | U97: =IF(T97<Q97,"SI",IF(Q97=0,"SI",IF(T97>Q97,"NO"))) -> SI | V97: =Q97/T97 -> 42.709333
B98: ABS - BNC 3D | C98: 29.5 | E98: 1379 | F98: 10.9 | G98: =$C98*$H$3*'ASTM D638-Probetas'!B$6 -> 1534 | H98: =$C98*$H$3*'ASTM D638-Probetas'!C$6 -> 708 | I98: =$C98*$H$3*'ASTM D638-Probetas'!D$6 -> 3923.5 | J98: =F98/100*50 -> 5.45 | K98: =J98/1/50*7.62 -> 0.83058 | L98: =J98/10/50*7.62 -> 0.083058 | M98: =J98/100/50*7.62 -> 0.0083058 | N98: =J98/5 -> 1.09 | O98: =J98/50 -> 0.109 | P98: =J98/500 -> 0.0109 | Q98: =F98*50/100/100 -> 0.0545 | R98: =50+J98 -> 55.45 | S98: =R98+$S$4 -> 65.45 | T98: =S98/$T$7 -> 0.0071514423 | U98: =IF(T98<Q98,"SI",IF(Q98=0,"SI",IF(T98>Q98,"NO"))) -> SI | V98: =Q98/T98 -> 7.6208403
A99: Otras | B99: ABS Fusion - BASF | C99: 29.5 | E99: 1379 | F99: 10.9 | G99: =$C99*$H$3*'ASTM D638-Probetas'!B$6 -> 1534 | H99: =$C99*$H$3*'ASTM D638-Probetas'!C$6 -> 708 | I99: =$C99*$H$3*'ASTM D638-Probetas'!D$6 -> 3923.5 | J99: =F99/100*50 -> 5.45 | K99: =J99/1/50*7.62 -> 0.83058 | L99: =J99/10/50*7.62 -> 0.083058 | M99: =J99/100/50*7.62 -> 0.0083058 | N99: =J99/5 -> 1.09 | O99: =J99/50 -> 0.109 | P99: =J99/500 -> 0.0109 | Q99: =F99*50/100/100 -> 0.0545 | R99: =50+J99 -> 55.45 | S99: =R99+$S$4 -> 65.45 | T99: =S99/$T$7 -> 0.0071514423 | U99: =IF(T99<Q99,"SI",IF(Q99=0,"SI",IF(T99>Q99,"NO"))) -> SI | V99: =Q99/T99 -> 7.6208403
A100: Marcas | B100: PETG - Monocure 3D | C100: 50 | F100: 140 | G100: =$C100*$H$3*'ASTM D638-Probetas'!B$6 -> 2600 | H100: =$C100*$H$3*'ASTM D638-Probetas'!C$6 -> 1200 | I100: =$C100*$H$3*'ASTM D638-Probetas'!D$6 -> 6650 | J100: =F100/100*50 -> 70 | K100: =J100/1/50*7.62 -> 10.668 | L100: =J100/10/50*7.62 -> 1.0668 | M100: =J100/100/50*7.62 -> 0.10668 | N100: =J100/5 -> 14 | O100: =J100/50 -> 1.4 | P100: =J100/500 -> 0.14 | Q100: =F100*50/100/100 -> 0.7 | R100: =50+J100 -> 120 | S100: =R100+$S$4 -> 130 | T100: =S100/$T$7 -> 0.014204545 | U100: =IF(T100<Q100,"SI",IF(Q100=0,"SI",IF(T100>Q100,"NO"))) -> SI | V100: =Q100/T100 -> 49.28
B101: PP GF30 - Innofil 3D | C101: 35.8 | E101: 3000 | F101: 4.4 | G101: =$C101*$H$3*'ASTM D638-Probetas'!B$6 -> 1861.6 | H101: =$C101*$H$3*'ASTM D638-Probetas'!C$6 -> 859.2 | I101: =$C101*$H$3*'ASTM D638-Probetas'!D$6 -> 4761.4 | J101: =F101/100*50 -> 2.2 | K101: =J101/1/50*7.62 -> 0.33528 | L101: =J101/10/50*7.62 -> 0.033528 | M101: =J101/100/50*7.62 -> 0.0033528 | N101: =J101/5 -> 0.44 | O101: =J101/50 -> 0.044 | P101: =J101/500 -> 0.0044 | Q101: =F101*50/100/100 -> 0.022 | R101: =50+J101 -> 52.2 | S101: =R101+$S$4 -> 62.2 | T101: =S101/$T$7 -> 0.0067963287 | U101: =IF(T101<Q101,"SI",IF(Q101=0,"SI",IF(T101>Q101,"NO"))) -> SI | V101: =Q101/T101 -> 3.2370418
B102: PEEK ThermaX - 3DxTech | C102: 100 | E102: 3720 | F102: 28 | G102: =$C102*$H$3*'ASTM D638-Probetas'!B$6 -> 5200 | H102: =$C102*$H$3*'ASTM D638-Probetas'!C$6 -> 2400 | I102: =$C102*$H$3*'ASTM D638-Probetas'!D$6 -> 13300 | J102: =F102/100*50 -> 14 | K102: =J102/1/50*7.62 -> 2.1336 | L102: =J102/10/50*7.62 -> 0.21336 | M102: =J102/100/50*7.62 -> 0.021336 | N102: =J102/5 -> 2.8 | O102: =J102/50 -> 0.28 | P102: =J102/500 -> 0.028 | Q102: =F102*50/100/100 -> 0.14 | R102: =50+J102 -> 64 | S102: =R102+$S$4 -> 74 | T102: =S102/$T$7 -> 0.0080856643 | U102: =IF(T102<Q102,"SI",IF(Q102=0,"SI",IF(T102>Q102,"NO"))) -> SI | V102: =Q102/T102 -> 17.314595
B103: HDPE HMA 016 - Exxon | C103: 23 | D103: 1A | F103: 100 | G103: =$C103*$H$3*'ASTM D638-Probetas'!B$6 -> 1196 | H103: =$C103*$H$3*'ASTM D638-Probetas'!C$6 -> 552 | I103: =$C103*$H$3*'ASTM D638-Probetas'!D$6 -> 3059 | J103: =F103/100*50 -> 50 | K103: =J103/1/50*7.62 -> 7.62 | L103: =J103/10/50*7.62 -> 0.762 | M103: =J103/100/50*7.62 -> 0.0762 | N103: =J103/5 -> 10 | O103: =J103/50 -> 1 | P103: =J103/500 -> 0.1 | Q103: =F103*50/100/100 -> 0.5 | R103: =50+J103 -> 100 | S103: =R103+$S$4 -> 110 | T103: =S103/$T$7 -> 0.012019231 | U103: =IF(T103<Q103,"SI",IF(Q103=0,"SI",IF(T103>Q103,"NO"))) -> SI | V103: =Q103/T103 -> 41.6
A104: Otras | B104: LDPE LD 600BA - Exxon | C104: 9.4 | D104: 1A | E104: 190 | F104: 250 | G104: =$C104*$H$3*'ASTM D638-Probetas'!B$6 -> 488.8 | H104: =$C104*$H$3*'ASTM D638-Probetas'!C$6 -> 225.6 | I104: =$C104*$H$3*'ASTM D638-Probetas'!D$6 -> 1250.2 | J104: =F104/100*50 -> 125 | K104: =J104/1/50*7.62 -> 19.05 | L104: =J104/10/50*7.62 -> 1.905 | M104: =J104/100/50*7.62 -> 0.1905 | N104: =J104/5 -> 25 | O104: =J104/50 -> 2.5 | P104: =J104/500 -> 0.25 | Q104: =F104*50/100/100 -> 1.25 | R104: =50+J104 -> 175 | S104: =R104+$S$4 -> 185 | T104: =S104/$T$7 -> 0.020214161 | U104: =IF(T104<Q104,"SI",IF(Q104=0,"SI",IF(T104>Q104,"NO"))) -> SI | V104: =Q104/T104 -> 61.837838
...
